user,rating,review,date,year,destination
Daniel C,1,Don‚Äôt bother,May 2025 ‚Ä¢ Family,2025,Bali Zoo
Daniel F,5,Bird feeding at the zoo,May 2025 ‚Ä¢ Family,2025,Bali Zoo
Amelia h,5,Must go,May 2025 ‚Ä¢ Friends,2025,Bali Zoo
Britney D,5,Mud bath elephants,May 2025 ‚Ä¢ Family,2025,Bali Zoo
Moumita G,5,Lifetime experience,May 2025 ‚Ä¢ Family,2025,Bali Zoo
Johanna B,5,Fantastic!,May 2025 ‚Ä¢ Solo,2025,Bali Zoo
Paradise24469882072,5,It was amazing seeing animals and having breakfast with orungutans. The staff was amazing. Subagia was so nice showing u,May 2025 ‚Ä¢ Solo,2025,Bali Zoo
Maria R,2,Not recommend,May 2025 ‚Ä¢ Couples,2025,Bali Zoo
Andrej T,5,Bali Zoo!,May 2025 ‚Ä¢ Couples,2025,Bali Zoo
M√†ria,2,dishonest people. Zoo may interest,May 2025 ‚Ä¢ Couples,2025,Bali Zoo
Robyn E,5,Breakfast with More,May 2025 ‚Ä¢ Family,2025,Bali Zoo
Andrew M,5,Great deer experience,May 2025 ‚Ä¢ Couples,2025,Bali Zoo
Hasebie M,5,Amazing,May 2025 ‚Ä¢ Family,2025,Bali Zoo
Michael S,5,Amazing Zoo experience,May 2025 ‚Ä¢ Couples,2025,Bali Zoo
Robert O,5,Fabulous,May 2025 ‚Ä¢ Couples,2025,Bali Zoo
Feisya A,5,Bali zoo elephant feeding,May 2025 ‚Ä¢ Family,2025,Bali Zoo
Lulu16071986,5,Animal visit,May 2025 ‚Ä¢ Couples,2025,Bali Zoo
Jamie292149,5,Subagia,May 2025 ‚Ä¢ Family,2025,Bali Zoo
Natalia M,5,Amazing experience! Thank you Madde for for everything!,Apr 2025 ‚Ä¢ Friends,2025,Bali Zoo
Milja S,5,Fun and great!!,May 2025 ‚Ä¢ Friends,2025,Bali Zoo
Wanderer51899305610,5,"Balizoo is highly recommended for holidays, well with a couple, friends n kluarga... joosss...",May 2025 ‚Ä¢ Family,2025,Bali Zoo
Marelle W,5,Elephant Mud Bath - Highly Recommend,May 2025 ‚Ä¢ Friends,2025,Bali Zoo
glen s,5,Night safari,Apr 2025 ‚Ä¢ Family,2025,Bali Zoo
Emre B,5,Great experience,May 2025 ‚Ä¢ Couples,2025,Bali Zoo
Hava G,5,Great experience,May 2025 ‚Ä¢ Couples,2025,Bali Zoo
Aleksandra B,5,Great,May 2025 ‚Ä¢ Friends,2025,Bali Zoo
adelia,5,Compulsory family destination,Apr 2025 ‚Ä¢ Family,2025,Bali Zoo
Navigate23516056307,5,Amazing place,Apr 2025 ‚Ä¢ Friends,2025,Bali Zoo
hattie k,5,Perfect,Apr 2025 ‚Ä¢ Family,2025,Bali Zoo
David M,5,Elephant fun,Apr 2025 ‚Ä¢ Family,2025,Bali Zoo
Sarita S,5,Elephant ride,Apr 2025 ‚Ä¢ Family,2025,Bali Zoo
Erica G,5,Mud Fun with Elephants is Amazing!!,Apr 2025 ‚Ä¢ Couples,2025,Bali Zoo
Maverick,5,A Fun Family Day at Bali Zoo,Apr 2025 ‚Ä¢ Family,2025,Bali Zoo
B Bali Tour,5,Wonderful Day at Bali Zoo with My Guest,Apr 2025 ‚Ä¢ Business,2025,Bali Zoo
Caroline G,5,Spacious zoo in rainforest with happy animals!,Apr 2025 ‚Ä¢ Family,2025,Bali Zoo
Kevin M,5,Interesting and informative,Apr 2025 ‚Ä¢ Family,2025,Bali Zoo
Anastasia,5,A Wonderful Day at Bali Zoo ‚Äì Fun for All Ages,Apr 2025 ‚Ä¢ Family,2025,Bali Zoo
Nimche,5,"My visit to the city zoo was a memorable adventure. The expansive grounds housed diverse animals in spacious, naturalist",Apr 2025 ‚Ä¢ Couples,2025,Bali Zoo
The Boo B,5,Deers with dayu,Apr 2025 ‚Ä¢ Solo,2025,Bali Zoo
Yvette Y,5,Amazing experience,Apr 2025 ‚Ä¢ Friends,2025,Bali Zoo
zoe t,5,bali zoo,Apr 2025 ‚Ä¢ Family,2025,Bali Zoo
Rajeev M,5,Breakfast with Orangutan,Apr 2025 ‚Ä¢ Family,2025,Bali Zoo
Excursion12370534984,5,Elephant expedition,Apr 2025 ‚Ä¢ Couples,2025,Bali Zoo
gede s,5,Animal presentation,Mar 2025 ‚Ä¢ Couples,2025,Bali Zoo
Adhika D,5,Deer Feeding and Tiger Feeding at Bali Zoo,Apr 2025 ‚Ä¢ Family,2025,Bali Zoo
Rowenapyc,5,Breakfast with the orangutans,Apr 2025 ‚Ä¢ Family,2025,Bali Zoo
Edison H,5,Birds,Apr 2025 ‚Ä¢ Family,2025,Bali Zoo
Chris S,5,Bali Zoo and Orangaton experience,Apr 2025 ‚Ä¢ Family,2025,Bali Zoo
Emily B,5,Great baby monkey experience with zoo employee,Apr 2025 ‚Ä¢ Family,2025,Bali Zoo
ameerah g,5,Bird feeding,Apr 2025 ‚Ä¢ Family,2025,Bali Zoo
Chloe A,5,Breakfast with Orangutans and Mud bath with Elephants!,Mar 2025 ‚Ä¢ Solo,2025,Bali Zoo
Angelina Kemp,5,Fabulous,Mar 2025 ‚Ä¢ Solo,2025,Bali Zoo
Julie Racine,5,A magnificent elephant excursion experience,Mar 2025 ‚Ä¢ Friends,2025,Bali Zoo
Anthony L,5,Fantastic,Mar 2025 ‚Ä¢ Family,2025,Bali Zoo
Putu A,5,Fantastic Zoo,Feb 2025 ‚Ä¢ Friends,2025,Bali Zoo
Ita Febry I,5,Wonderful day at Bali Zoo.,Mar 2025 ‚Ä¢ Friends,2025,Bali Zoo
Danny,5,Really fun tour with new insights,Mar 2025 ‚Ä¢ Family,2025,Bali Zoo
Jack W,5,Behind closed doors tour,Mar 2025 ‚Ä¢ Solo,2025,Bali Zoo
Dean M,5,Mud fun,Mar 2025 ‚Ä¢ Family,2025,Bali Zoo
Sharna H,5,Feeding the Meerkats,Feb 2025 ‚Ä¢ Friends,2025,Bali Zoo
Sightseer38073939830,5,One of a kind,Mar 2025 ‚Ä¢ Couples,2025,Bali Zoo
Nataliia Cernopisciuc,5,An unforgettable experience that everyone should try!,Mar 2025 ‚Ä¢ Family,2025,Bali Zoo
Randy M,5,Bali Zoo,Mar 2025 ‚Ä¢ Solo,2025,Bali Zoo
Nyomi P,5,Great time,Mar 2025 ‚Ä¢ Friends,2025,Bali Zoo
berenice t,5,Amazing intense up close encounter,Mar 2025 ‚Ä¢ Couples,2025,Bali Zoo
kris j,5,"Fun, amazing and entertaining",Mar 2025 ‚Ä¢ Friends,2025,Bali Zoo
Lucinda,4,Once in a lifetime experience,Mar 2025 ‚Ä¢ Family,2025,Bali Zoo
paul w,5,Elephant mud fun.,Mar 2025 ‚Ä¢ Family,2025,Bali Zoo
AKKI K,5,Must to thing in Bali with kids,Mar 2025 ‚Ä¢ Family,2025,Bali Zoo
Amanda J,5,Amazing Breakfast with Orangatang,Mar 2025 ‚Ä¢ Friends,2025,Bali Zoo
Alexander S,5,Oragutan experience,Mar 2025 ‚Ä¢ Family,2025,Bali Zoo
Maria Cristina N,5,Outstanding experience!,Mar 2025 ‚Ä¢ Family,2025,Bali Zoo
Bel√©n Olivera,5,Great experiences whit orangutans,Mar 2025 ‚Ä¢ Couples,2025,Bali Zoo
Tamara B,5,:),Mar 2025 ‚Ä¢ Family,2025,Bali Zoo
chamexix,5,Great day at Bali zoo !,Mar 2025 ‚Ä¢ Family,2025,Bali Zoo
Dian U,5,Animal Show,Mar 2025 ‚Ä¢ Friends,2025,Bali Zoo
Navigator28190084848,5,Animal presentation,Mar 2025 ‚Ä¢ Friends,2025,Bali Zoo
Sherpa44621868429,5,Animal Show,Mar 2025 ‚Ä¢ Friends,2025,Bali Zoo
Odyssey34145608250,5,Awesome place,Mar 2025 ‚Ä¢ Couples,2025,Bali Zoo
Wander22597337749,5,Amazing day behind the scenes of the zoo,Mar 2025 ‚Ä¢ Family,2025,Bali Zoo
vyshnav v,5,Excellent Animal presentation,Mar 2025 ‚Ä¢ Couples,2025,Bali Zoo
Elizaveta R,5,Wonderful Elephant Expedition,Mar 2025 ‚Ä¢ Couples,2025,Bali Zoo
Bozhidar V,5,Feeding deers,Mar 2025 ‚Ä¢ Family,2025,Bali Zoo
–û–∫—Å–∞–Ω–∞ –ï,5,Strongly recommended,Jan 2025 ‚Ä¢ Friends,2025,Bali Zoo
Tais f,5,Bali zoo behind the scene experience,Mar 2025 ‚Ä¢ Couples,2025,Bali Zoo
Harsimran S,5,Good service,Mar 2025 ‚Ä¢ Couples,2025,Bali Zoo
Emily,1,Tiny enclosures - bad for animals - AVOID,Feb 2025 ‚Ä¢ Couples,2025,Bali Zoo
Cheryl B,5,Bali zoo deer,Mar 2025 ‚Ä¢ Friends,2025,Bali Zoo
Stephanie B,5,Great experience feeding animals,Mar 2025 ‚Ä¢ Family,2025,Bali Zoo
Humza M,5,Best zoo in Bali,Mar 2025 ‚Ä¢ Couples,2025,Bali Zoo
NorthStar26883295189,5,"Inside me was guided by the zoo keeper and they were very friendly. They were eco,nanda,arlinda,santa...",Feb 2025 ‚Ä¢ Friends,2025,Bali Zoo
Kate K,5,Loved this tour,Mar 2025 ‚Ä¢ Solo,2025,Bali Zoo
Tyson N,5,Family,Mar 2025 ‚Ä¢ Family,2025,Bali Zoo
Bianca V,5,Amazing time with the elephants,Mar 2025 ‚Ä¢ Family,2025,Bali Zoo
bayu private tour bali,5,Breakfast orang hutan,Mar 2025 ‚Ä¢ Business,2025,Bali Zoo
James G,5,Bali zoo is the best,Mar 2025 ‚Ä¢ Couples,2025,Bali Zoo
Scenic54162344251,5,Zoo is friendly and amazing,Feb 2025 ‚Ä¢ Family,2025,Bali Zoo
Nikki7097,5,Bali zoo 10/10,Feb 2025 ‚Ä¢ Family,2025,Bali Zoo
Navigator29863644542,5,Elephant riding experience,Feb 2025 ‚Ä¢ Family,2025,Bali Zoo
Vladimir,5,The best zoo,Mar 2024 ‚Ä¢ Family,2024,Bali Zoo
FarAway64091414852,5,Flower bath experience,May 2025 ‚Ä¢ Couples,2025,Kaveri Spa
Nesha K,5,One of my best spa days,May 2025 ‚Ä¢ Friends,2025,Kaveri Spa
Lbk143,5,Amazing!,May 2025 ‚Ä¢ Solo,2025,Kaveri Spa
Passport05721372356,5,Beautiful Blissful Flower Bath,Apr 2025 ‚Ä¢ Solo,2025,Kaveri Spa
Gwen R,5,UNFORGETTABLE !,May 2025 ‚Ä¢ Family,2025,Kaveri Spa
L S,5,The best birthday experience!!!!!,Apr 2025 ‚Ä¢ Friends,2025,Kaveri Spa
maxence e,5,Great!,May 2025 ‚Ä¢ Couples,2025,Kaveri Spa
Trek12641873652,5,Unforgettable,May 2025 ‚Ä¢ Couples,2025,Kaveri Spa
PeteSykes,5,Honeymoon Couples Massage and Flower Bath- AMAZING,May 2025 ‚Ä¢ Couples,2025,Kaveri Spa
Amya M,5,5 ‚≠êÔ∏è experience,Apr 2025 ‚Ä¢ Friends,2025,Kaveri Spa
Alexandre G,5,Mantas & turtles,May 2025 ‚Ä¢ Couples,2025,Mambo Dive
Tingyu Z,5,Loved our experience with Mambo,May 2025 ‚Ä¢ Friends,2025,Mambo Dive
Navigate09389016314,5,best,May 2025 ‚Ä¢ Couples,2025,Mambo Dive
Ray,5,Nusa Penna Scuba Diving,May 2025 ‚Ä¢ Couples,2025,Mambo Dive
Jonny,5,2 dives,May 2025 ‚Ä¢ Friends,2025,Mambo Dive
J√∂rg R,4,Really good functioning dive resort,May 2025 ‚Ä¢ Couples,2025,Mambo Dive
HappyPanda,5,So good!,May 2025 ‚Ä¢ Solo,2025,Mambo Dive
Dario321,5,H,May 2025 ‚Ä¢ Friends,2025,Mambo Dive
Judy L,5,A must-visit place,May 2025 ‚Ä¢ Solo,2025,Mambo Dive
Tjonna K,5,Professional Dive Center,May 2025 ‚Ä¢ Solo,2025,Mambo Dive
Travel diaries,5,Responsible wildlife encounters with knowledgeable guides,Nov 2024 ‚Ä¢ Friends,2024,Mambo Dive
Kiana,5,Snorkelling,May 2025 ‚Ä¢ Friends,2025,Mambo Dive
Jonathan C,5,Great experience at Mambo!,May 2025 ‚Ä¢ Solo,2025,Mambo Dive
ÂéÜË∞ã ÈÉ≠,5,Unforgettable dive,May 2025 ‚Ä¢ Friends,2025,Mambo Dive
Shuai Y,5,Amazing trip with Manta,May 2025 ‚Ä¢ Friends,2025,Mambo Dive
Brandy M,5,Best experience ever!,May 2025 ‚Ä¢ Business,2025,Mambo Dive
Venture03524634888,5,amazing diving experience,Apr 2025 ‚Ä¢ Couples,2025,Mambo Dive
Oli,5,Amazing Diving Experience!,Apr 2025 ‚Ä¢ Couples,2025,Mambo Dive
Richard A,5,Manta Dive,Apr 2025 ‚Ä¢ Solo,2025,Mambo Dive
Kristin E,5,Amazing experience!,Apr 2025 ‚Ä¢ Couples,2025,Mambo Dive
Luc A,5,A Must See,Apr 2025 ‚Ä¢ Couples,2025,Mambo Dive
Blake E,5,Amazing Dive!!,Apr 2025 ‚Ä¢ Family,2025,Mambo Dive
Scott A,5,Dive Mambo.,Apr 2025 ‚Ä¢ Couples,2025,Mambo Dive
akshitha,5,Organised. Professional. Surreal,Apr 2025 ‚Ä¢ Couples,2025,Mambo Dive
Lukas,5,Amazing Dive Experience with Mambo Dive Center,Apr 2025 ‚Ä¢ Couples,2025,Mambo Dive
Antje4,5,Good diving / snorkeling experience,Apr 2025 ‚Ä¢ Couples,2025,Mambo Dive
Kristina W,5,Great scuba holiday spot!,Apr 2025 ‚Ä¢ Couples,2025,Mambo Dive
Charlotte K,5,Diving at Nusa Penida,Apr 2025 ‚Ä¢ Couples,2025,Mambo Dive
Youssef H,5,Mambo Dive Resort - Great Experience,Apr 2025 ‚Ä¢ Family,2025,Mambo Dive
Juan Miguel,5,Unforgettable Diving,Apr 2025 ‚Ä¢ Family,2025,Mambo Dive
Megha P,5,My diving experience,Apr 2025 ‚Ä¢ Solo,2025,Mambo Dive
Lindsky O,5,Superb Scuba Trip,Apr 2025 ‚Ä¢ Solo,2025,Mambo Dive
Happiness40056703675,5,Best dive day,Apr 2025 ‚Ä¢ Solo,2025,Mambo Dive
Sam M,5,So much to see!,Apr 2025 ‚Ä¢ Couples,2025,Mambo Dive
Niklas E,5,5 stars,Apr 2025 ‚Ä¢ Couples,2025,Mambo Dive
Henk Jan B,5,Awesome dive resort!,Apr 2025 ‚Ä¢ Couples,2025,Mambo Dive
Anna-Lena E,5,Best ever,Apr 2025 ‚Ä¢ Couples,2025,Mambo Dive
Paradise22431030023,5,Fantastic trip.,Apr 2025 ‚Ä¢ Couples,2025,Mambo Dive
Phui Yie K,5,Chilling Place,Mar 2025 ‚Ä¢ Friends,2025,Mambo Dive
Ryan Ang R,5,Diving experience with mambo dive center,Apr 2025 ‚Ä¢ Couples,2025,Mambo Dive
Mariam Alejandr... V,5,Exceptional diving experience and instructor,Mar 2025 ‚Ä¢ Friends,2025,Mambo Dive
Natalia M,5,Mambo Dive is the best,Mar 2025 ‚Ä¢ Friends,2025,Mambo Dive
Connector660210,5,Dive with Mambo - you won‚Äôt regret it!,Mar 2025 ‚Ä¢ Solo,2025,Mambo Dive
Joshua S,5,Best Dive Centre in Penida / Professional & Friendly,Mar 2025 ‚Ä¢ Friends,2025,Mambo Dive
Clara J,5,Amazing dive center!,Mar 2025 ‚Ä¢ Solo,2025,Mambo Dive
Ana√Øs B,5,Mambo Dive,Jan 2025 ‚Ä¢ Friends,2025,Mambo Dive
Alexia M,5,"Welcoming, pro and luxury diving club, I recommend",Mar 2025 ‚Ä¢ Friends,2025,Mambo Dive
Florian D,5,Wonderfull dive center !,Mar 2025 ‚Ä¢ Friends,2025,Mambo Dive
harshita,5,Best resort in nusa,Mar 2025 ‚Ä¢ Couples,2025,Mambo Dive
43miias,5,"Amazing Dive Center, I can highly recommend it to everyone.",Mar 2025 ‚Ä¢ Couples,2025,Mambo Dive
Melibardet,5,Loved the experience,Mar 2025 ‚Ä¢ Solo,2025,Mambo Dive
Jess R,5,Loved it!!,Feb 2025 ‚Ä¢ Couples,2025,Mambo Dive
delpasso,5,Amazing,Feb 2025 ‚Ä¢ Solo,2025,Mambo Dive
Edgar A,5,"Manta Point and Mangroove dive. Punto my instructor, the best!",Feb 2025 ‚Ä¢ Friends,2025,Mambo Dive
Emma A,5,Incroyable,Feb 2025 ‚Ä¢ Friends,2025,Mambo Dive
Patricia LM,5,Incredible experience,Feb 2025 ‚Ä¢ Friends,2025,Mambo Dive
D W,5,Great diving,Feb 2025 ‚Ä¢ Solo,2025,Mambo Dive
Olivia M,5,The best experience ever,Feb 2025 ‚Ä¢ Friends,2025,Mambo Dive
Klara B,5,Best dive,Feb 2025 ‚Ä¢ Friends,2025,Mambo Dive
Wilma L,5,Above all expectations!,Feb 2025 ‚Ä¢ Friends,2025,Mambo Dive
Lisa G,5,Truly recommend!!,Feb 2025 ‚Ä¢ Friends,2025,Mambo Dive
Relax51388624109,4,Hervorragend,Feb 2025 ‚Ä¢ Couples,2025,Mambo Dive
S√∂ren L,5,Special dive experience,Feb 2025 ‚Ä¢ Couples,2025,Mambo Dive
jaden s,5,Diving,Feb 2025 ‚Ä¢ Solo,2025,Mambo Dive
Isa K,5,"GO SNORKELING/DIVING WITH MAMBO DIVE CENTER, ITS THE BEST!",Feb 2025 ‚Ä¢ Couples,2025,Mambo Dive
Maarten Jongerius,5,See Manta's and Turtles,Feb 2025 ‚Ä¢ Couples,2025,Mambo Dive
Ê∏öÊ®∫ Âæê,5,Manta,Feb 2025 ‚Ä¢ Couples,2025,Mambo Dive
Mobile32194544905,5,A chance to see Black Mantra!,Feb 2025 ‚Ä¢ Friends,2025,Mambo Dive
Ï£ºÎØ∏ ÍπÄ,5,I love you best.,Feb 2025 ‚Ä¢ Family,2025,Mambo Dive
Inspire33284709922,5,Black Mantra's first spouse with Mamma Mia.,Feb 2025 ‚Ä¢ Family,2025,Mambo Dive
–ì–µ–Ω–Ω–∞–¥–∏–π –ù,5,Snorkelling,Feb 2025 ‚Ä¢ Friends,2025,Mambo Dive
Maria K,5,Snorkelling February 2025,Feb 2025 ‚Ä¢ Friends,2025,Mambo Dive
changcun h,5,mambo dive center,Feb 2025 ‚Ä¢ Friends,2025,Mambo Dive
ferrer F,5,Diver's Choice,Feb 2025 ‚Ä¢ Friends,2025,Mambo Dive
Yangxuan L,5,Must try experience at Nusa Penida,Feb 2025 ‚Ä¢ Family,2025,Mambo Dive
Luci H,5,This is my first DSD,Feb 2025 ‚Ä¢ Friends,2025,Mambo Dive
–û–∫—Å–∞–Ω–∞,5,Diving with Mambo üíû,Feb 2025 ‚Ä¢ Couples,2025,Mambo Dive
Stella,4,Great team and incredible place to see the majestic manta rays!,Jan 2025 ‚Ä¢ Couples,2025,Mambo Dive
Jia,5,It's a great dive. It's a great dive shop.,Jan 2025 ‚Ä¢ Couples,2025,Mambo Dive
Rachel,5,Great diving experience with Mambo,Jan 2025 ‚Ä¢ Couples,2025,Mambo Dive
GrandTour45913275864,5,First Scuba Dive Nusa Penida,Jan 2025 ‚Ä¢ Solo,2025,Mambo Dive
Ji Young L,5,Mambo Dive Is the BEST,Jan 2025 ‚Ä¢ Couples,2025,Mambo Dive
Mille P,4,Beautiful beach,Jan 2025 ‚Ä¢ Friends,2025,Mambo Dive
Oliver D,5,"Manta Ray, Turtles, Pufferfish, Triggerfish and so much more",Jan 2025 ‚Ä¢ Couples,2025,Mambo Dive
Malene C,5,"Great service, trips and food",Jan 2025 ‚Ä¢ Couples,2025,Mambo Dive
kaka L,5,Good experience,Jan 2025 ‚Ä¢ Couples,2025,Mambo Dive
Curious64759112501,5,"Five Star Diving, Five Star Good",Jan 2025 ‚Ä¢ Couples,2025,Mambo Dive
Lorenz S,4,An Unforgettable Experience: Safe Travel and Immersive Cultural Insights with a Local Driver,Jan 2025 ‚Ä¢ Friends,2025,Mambo Dive
Nadege,5,Better experience!,Jan 2025 ‚Ä¢ Couples,2025,Mambo Dive
Fdiana,5,Amazing Dive Experience! ‚≠ê‚≠ê‚≠ê‚≠ê‚≠ê,Jan 2025 ‚Ä¢ Couples,2025,Mambo Dive
Adam M,5,Second Visit to Mambo Dive Centre Consistently Excellent Experience,Jan 2025 ‚Ä¢ Couples,2025,Mambo Dive
Carlos,5,Super dive center,Jan 2025 ‚Ä¢ Couples,2025,Mambo Dive
Marisa,5,2 beautiful aisles Mantapoint,Jan 2025 ‚Ä¢ Couples,2025,Mambo Dive
agit suwandokk,5,Great,Jan 2025 ‚Ä¢ Couples,2025,Mambo Dive
regina o,5,Happy!,Jan 2025 ‚Ä¢ Couples,2025,Mambo Dive
Elsa A,5,Great first Dive with Mambo dive in Nusa Penida!,Jan 2025 ‚Ä¢ Couples,2025,Mambo Dive
Shriya,5,Excellent,Jan 2025 ‚Ä¢ Friends,2025,Mambo Dive
Urtƒó T,5,Amazing experience !,Jan 2025 ‚Ä¢ Friends,2025,Mambo Dive
Di F,5,Great dives with manta rays,Jan 2025 ‚Ä¢ Couples,2025,Mambo Dive
Martin V,5,5 manta ray encounters on one awesomely guided dive ü§ô,Jan 2025 ‚Ä¢ Family,2025,Mambo Dive
Kathrin F,5,Diving in Nusa penida,Jan 2025 ‚Ä¢ Couples,2025,Mambo Dive
Floor V,5,Very nice trip!,Jan 2025 ‚Ä¢ Couples,2025,Mambo Dive
Bo≈°ko N,5,Very nice,Jan 2025 ‚Ä¢ Solo,2025,Mambo Dive
–ê–Ω–Ω–∞ –§,5,That's great.,Jan 2025 ‚Ä¢ Friends,2025,Mambo Dive
Cuba F,5,Snorkeling at Mambo Dive Resort,Jan 2025 ‚Ä¢ Couples,2025,Mambo Dive
Marcela B,5,"Amazing experience with mantas, turtles, fish and dolphins!!!",Jan 2025 ‚Ä¢ Couples,2025,Mambo Dive
Delphine D,5,Awsome exp√©rience with Mambo dive resort,Jan 2025 ‚Ä¢ Friends,2025,Mambo Dive
Amit P,5,Thanks to all the mambo staff,Jan 2025 ‚Ä¢ Couples,2025,Mambo Dive
–ú–∞—Ä–∏—è –ì,5,Thanks,Jan 2025 ‚Ä¢ Couples,2025,Mambo Dive
Go07522161446,5,Advance Certified here,Jan 2025 ‚Ä¢ Solo,2025,Mambo Dive
Rossella D,4,The tip for all ages,Apr 2025 ‚Ä¢ Family,2025,Monkey Forest
Escape42508350609,1,The child attacked and bitten,Apr 2025 ‚Ä¢ Family,2025,Monkey Forest
AndySouthland_NZ,5,Amazing,Apr 2025 ‚Ä¢ Couples,2025,Monkey Forest
Marie R,5,Exursion ubud,Apr 2025 ‚Ä¢ Friends,2025,Monkey Forest
James E,4,Enjoyed the walk and the experience,Apr 2025 ‚Ä¢ Family,2025,Monkey Forest
Carmen L,5,"Very experienced, there are many bugs and they are beautiful, it was my turn to see that a bug gave birth ü•πüòç",Apr 2025 ‚Ä¢ Couples,2025,Monkey Forest
Tamara G,5,This is a must do - on your Bali Holiday,Apr 2025 ‚Ä¢ Couples,2025,Monkey Forest
J82,4,A nice place but too crowded,Apr 2025 ‚Ä¢ Couples,2025,Monkey Forest
Soupheads,5,Monkeys!!,Apr 2025 ‚Ä¢ Couples,2025,Monkey Forest
Sara,3,Cute but nothing exciting,Mar 2025 ‚Ä¢ Couples,2025,Monkey Forest
Kerrie C,4,Monkey Surprise!,Apr 2025 ‚Ä¢ Friends,2025,Monkey Forest
highpointkate,5,Very well behaved monkeys!,Apr 2025 ‚Ä¢ Friends,2025,Monkey Forest
RobfromWL,4,Monkey business galore,Apr 2025 ‚Ä¢ Couples,2025,Monkey Forest
Nadeen Whitehead,4,Well organised & cute baby monkeys!,Apr 2025 ‚Ä¢ Couples,2025,Monkey Forest
matildadavis07,4,fun,Apr 2025 ‚Ä¢ Friends,2025,Monkey Forest
Francesco D,3,Nothing much,Aug 2024 ‚Ä¢ Friends,2024,Monkey Forest
Anu N,5,Monkeys are amazing!,Mar 2025 ‚Ä¢ Friends,2025,Monkey Forest
Hayley M,5,Great experience,Mar 2025 ‚Ä¢ Family,2025,Monkey Forest
Lorrae and Mark D,5,"Great experience, professionally run",Mar 2025 ‚Ä¢ Family,2025,Monkey Forest
Misha,5,Planet of the Apes),Mar 2025 ‚Ä¢ Solo,2025,Monkey Forest
C...,5,Macaques,Feb 2025 ‚Ä¢ Friends,2025,Monkey Forest
Jimbo,5,Must do while in UBUD,Mar 2025 ‚Ä¢ Couples,2025,Monkey Forest
Getaway04787894032,1,Not worth your attention.,Mar 2025 ‚Ä¢ Family,2025,Monkey Forest
swinstan,3,Disappointing,Mar 2025 ‚Ä¢ Couples,2025,Monkey Forest
The Adventure Buddies,5,The Adventure Buddies Visits The Sacred Monkey Forest in Ubud,Nov 2024 ‚Ä¢ Family,2024,Monkey Forest
2017Ravs4,5,Great place,Mar 2025 ‚Ä¢ Couples,2025,Monkey Forest
x_Sakura,4,Indispensable,Apr 2024 ‚Ä¢ Friends,2024,Monkey Forest
Yasti parwasih,4,Be careful with luggage.,Mar 2025 ‚Ä¢ Friends,2025,Monkey Forest
Lovisa W,3,Nice and fun but not amazing,Mar 2025 ‚Ä¢ Family,2025,Monkey Forest
Ubud Traveling,5,MONKEY FOREST UBUD,Feb 2025 ‚Ä¢ Family,2025,Monkey Forest
kuydul t,5,Stunning,Feb 2025 ‚Ä¢ Family,2025,Monkey Forest
GILLES ET SANDRINE,4,A moment of sharing with nature,Sep 2024 ‚Ä¢ Couples,2024,Monkey Forest
R. Huskens,5,Monkey paradise,Feb 2025 ‚Ä¢ Couples,2025,Monkey Forest
Mark F,4,Good for families and if you like monkeys outside of a cage,Jan 2025 ‚Ä¢ Couples,2025,Monkey Forest
David N,5,Enjoyable experience walking amidst the monkeys,Jan 2025 ‚Ä¢ Couples,2025,Monkey Forest
Tommy,4,Absolutly stunning to see this park with all those monkeys!!! Great nature!,Jan 2025 ‚Ä¢ Couples,2025,Monkey Forest
Soko37,5,Nature and spirit,Jan 2025 ‚Ä¢ Family,2025,Monkey Forest
–ê–Ω–¥—Ä–µ–π –®,1,Forest without monkeys)),Jan 2025 ‚Ä¢ Couples,2025,Monkey Forest
Monaro11,5,Bali Monkeys,Jan 2025 ‚Ä¢ Couples,2025,Monkey Forest
Charbumxo,5,Toddlers 2 & 3 to see the monkeys,Jan 2025 ‚Ä¢ Family,2025,Monkey Forest
Strond10a,5,Loved this place,Jan 2025 ‚Ä¢ Couples,2025,Monkey Forest
Lynne S,5,Great morning at the Monkey Forest,Dec 2024 ‚Ä¢ Family,2024,Monkey Forest
KieraTin603,5,So many monkeys and up close. Don‚Äôt miss it!,May 2024 ‚Ä¢ Friends,2024,Monkey Forest
Alovestravel,5,"Took excellent photos, are totally relaxed, and never had any issues.",Jan 2025 ‚Ä¢ Friends,2025,Monkey Forest
Jessi-leigh B,5,Such an experience each time I‚Äôve visited (no 5),Nov 2024 ‚Ä¢ Family,2024,Monkey Forest
Alex H,4,Worth doing,Jan 2025 ‚Ä¢ Friends,2025,Monkey Forest
Jhodi G,4,Pretty cool. Would recommend,Jan 2025 ‚Ä¢ Couples,2025,Monkey Forest
Karl,1,Does not feel safe.,Jan 2025 ‚Ä¢ Couples,2025,Monkey Forest
Delphine M,5,Monkey,Jan 2025 ‚Ä¢ Couples,2025,Monkey Forest
Sarah Shareen,5,Suggestion,Jan 2025 ‚Ä¢ Family,2025,Monkey Forest
NataliaD D,5,I would give it 6 stars if I could!,Dec 2024 ‚Ä¢ Couples,2024,Monkey Forest
KMacca,5,Great experience with a funny moment...,Aug 2024 ‚Ä¢ Couples,2024,Monkey Forest
Hilal Arat,5,Visiting Monkey Natural Sites,Dec 2024 ‚Ä¢ Couples,2024,Monkey Forest
Minowe,4,Forest in the middle of the city,Oct 2024 ‚Ä¢ Couples,2024,Monkey Forest
Ethan Brooks,4,A Unique Experience at Sacred Monkey Forest Sanctuary,Dec 2024 ‚Ä¢ Friends,2024,Monkey Forest
Nancy J,5,Cute Monkeys,Dec 2024 ‚Ä¢ Couples,2024,Monkey Forest
Antonio D,2,Monkey business! tourist trap,Dec 2024 ‚Ä¢ Friends,2024,Monkey Forest
Kate,5,Just go to the Monkey Forest,Dec 2024 ‚Ä¢ Family,2024,Monkey Forest
STELLA08Auckland,5,3rd time visit - still love the Monkey Forest,Nov 2024 ‚Ä¢ Friends,2024,Monkey Forest
Florent Alix,5,What to do,Dec 2023 ‚Ä¢ Couples,2023,Monkey Forest
beachfun10,4,The monkeys are adorable and mischievous,Oct 2024 ‚Ä¢ Friends,2024,Monkey Forest
TravelDoorsOut,5,Very cool experience but beware,Feb 2024 ‚Ä¢ Family,2024,Monkey Forest
Tony W,5,Monkey Forest,Oct 2024 ‚Ä¢ Couples,2024,Monkey Forest
antelopeBucks,4,Cute monkeys but can get busy,Oct 2024 ‚Ä¢ Couples,2024,Monkey Forest
TN007,5,Enjoyable afternoon,Oct 2024 ‚Ä¢ Couples,2024,Monkey Forest
shivnis,5,monkeys in their habitat,Oct 2024 ‚Ä¢ Family,2024,Monkey Forest
Miri V,5,Monkeys and more monkeys,Jul 2024 ‚Ä¢ Couples,2024,Monkey Forest
Shanee,5,Lovely experience,Oct 2024 ‚Ä¢ Couples,2024,Monkey Forest
Annabelle G,5,Magic,Oct 2024 ‚Ä¢ Friends,2024,Monkey Forest
Q-Thy,4,Sympa,Oct 2024 ‚Ä¢ Couples,2024,Monkey Forest
Lets cruise,5,Absolutely worth it,Oct 2024 ‚Ä¢ Couples,2024,Monkey Forest
Fr√©d√©rique B,5,A must see really. The monkeys are really happy and live in the wild. Everything is made for their wellness.,Oct 2024 ‚Ä¢ Couples,2024,Monkey Forest
Levke D,4,Enchanted quiet oasis in the middle of Ubud,Unknown date,Unknown,Monkey Forest
Erdun,5,Worth visiting,Oct 2024 ‚Ä¢ Couples,2024,Monkey Forest
Amit J,4,Decent place to spend a couple of hours,Jul 2024 ‚Ä¢ Couples,2024,Monkey Forest
Sarah,5,Coole Monkey Forest,Unknown date,Unknown,Monkey Forest
Barong private tour guide,5,The place is nice and cool,Nov 2023 ‚Ä¢ Solo,2023,Monkey Forest
Rasmus,5,Fun day activity,Jul 2024 ‚Ä¢ Couples,2024,Monkey Forest
kevin maede,5,It was great overall,Sep 2024 ‚Ä¢ Couples,2024,Monkey Forest
Cruiser13V,5,"If you're in the region, it's well worth checking out‚Äîwalking around takes around an hour.",Sep 2024 ‚Ä¢ Family,2024,Monkey Forest
Daniela üèùÔ∏è,4,"Monkeys, monkeys & monkeys :)",Aug 2024 ‚Ä¢ Couples,2024,Monkey Forest
Pernille DA,4,Nice nature oasis - cute monkeys,Jul 2024 ‚Ä¢ Family,2024,Monkey Forest
Curious51765769375,1,Almost got rabies!!,Aug 2023 ‚Ä¢ Family,2023,Monkey Forest
jdpacko,5,Hey hey it‚Äôs the monkeys !!,Aug 2024 ‚Ä¢ Couples,2024,Monkey Forest
Darren,3,It's not worth going to.,Aug 2024 ‚Ä¢ Family,2024,Monkey Forest
Rodalita B,5,Sacred Monkey Forest Sanctuary,Aug 2024 ‚Ä¢ Family,2024,Monkey Forest
Denise M,5,Cool place / forest in the middle of Ubud,Aug 2024 ‚Ä¢ Couples,2024,Monkey Forest
Ay A,5,There are monkeys in this jungle! It was a really humorous encounter.,Aug 2024 ‚Ä¢ Family,2024,Monkey Forest
SimonKnechtli,5,Beautiful Monkey Forest,Aug 2024 ‚Ä¢ Couples,2024,Monkey Forest
Imstefizz,5,Attack on monkey,Aug 2024 ‚Ä¢ Couples,2024,Monkey Forest
Madison G,5,Awesome,Aug 2024 ‚Ä¢ Couples,2024,Monkey Forest
Nercika,5,Great experience,Aug 2024 ‚Ä¢ Couples,2024,Monkey Forest
Patrick S,5,Monkeys,Jul 2024 ‚Ä¢ Couples,2024,Monkey Forest
Franz B,4,Sympa,Aug 2024 ‚Ä¢ Family,2024,Monkey Forest
Aimee F,5,A close encounter!,Aug 2024 ‚Ä¢ Couples,2024,Monkey Forest
nellie1991,4,Nice sanctuary with monkeys,Aug 2024 ‚Ä¢ Couples,2024,Monkey Forest
Bethany S,5,Rudi Rocks,Jul 2024 ‚Ä¢ Couples,2024,Monkey Forest
Valerie D,4,A definite must see,Jul 2024 ‚Ä¢ Solo,2024,Monkey Forest
Renato,5,Awesome experience,Aug 2024 ‚Ä¢ Couples,2024,Monkey Forest
Miss marple,5,So glad we went.,Aug 2024 ‚Ä¢ Family,2024,Monkey Forest
Alan L,5,"Very nice guy, Wira.",May 2025 ‚Ä¢ Family,2025,Mount Batur
LUCIA C,5,Mt Batur Volcano tour.,May 2025 ‚Ä¢ Solo,2025,Mount Batur
Quest04961633147,5,Mt Batur sunrise trekking,May 2025 ‚Ä¢ Friends,2025,Mount Batur
Nikita T,5,Beautiful views,Unknown date,Unknown,Mount Batur
Rob C,4,Well worth a visit (and the early start) for the views at the top and the challenge hiking to get there.,Unknown date,Unknown,Mount Batur
Isaac Hardy,5,Unforgettable Mount Batur Experience,Unknown date,Unknown,Mount Batur
Isaac S,5,Amazing Sunrise Hike up to Mount Batur,Apr 2025 ‚Ä¢ Couples,2025,Mount Batur
JoshWallaceNZ,5,Worth the 2am start!,May 2025 ‚Ä¢ Couples,2025,Mount Batur
Acidute,5,A bit scary but worth it,May 2025 ‚Ä¢ Solo,2025,Mount Batur
Shirley B,3,Mount Batur,Apr 2025 ‚Ä¢ Couples,2025,Mount Batur
Michael D,5,Great from start to finish,Apr 2025 ‚Ä¢ Couples,2025,Mount Batur
Whitney K,5,10/10!!!,Apr 2025 ‚Ä¢ Couples,2025,Mount Batur
Eli M,5,Challenging Fun,May 2025 ‚Ä¢ Couples,2025,Mount Batur
Yassine N,5,A must do during Summer,May 2025 ‚Ä¢ Solo,2025,Mount Batur
Miju823,5,Mt Batur solo with guide,May 2025 ‚Ä¢ Solo,2025,Mount Batur
Judy M,5,Care and attention amazing,Apr 2025 ‚Ä¢ Friends,2025,Mount Batur
Imre K,5,Beautiful views and well organized tour,Unknown date,Unknown,Mount Batur
Ella H,5,Beautiful morning,May 2025 ‚Ä¢ Friends,2025,Mount Batur
JAnet T,5,Best activity I have done in Bali.,Unknown date,Unknown,Mount Batur
Raquelle K,5,Mount Batur hike was out of the world,May 2025 ‚Ä¢ Friends,2025,Mount Batur
Brian D,5,Unforgettable Mount Batur Sunrise Hike ‚Äì Highly Recommend with Ayu & Mangku Angga!,Unknown date,Unknown,Mount Batur
mbakos,5,10/10 recommend the sunrise hike with the hot springs,Apr 2025 ‚Ä¢ Couples,2025,Mount Batur
Dylan D,5,Mount Batur & Waterfall Experience ‚Äì Incredible Tour with Mangku and Ayu!,Unknown date,Unknown,Mount Batur
abhay singh,5,Unforgettable Escape to Bali!,Apr 2025 ‚Ä¢ Friends,2025,Mount Batur
Michael K,5,Mount Batur Sunrise hike,May 2025 ‚Ä¢ Solo,2025,Mount Batur
Kelsey M,5,Best in the business!,May 2025 ‚Ä¢ Couples,2025,Mount Batur
Jada C,5,Awesome difficult sunrise hike,May 2025 ‚Ä¢ Friends,2025,Mount Batur
Shuang C,5,Wonderful trip,May 2025 ‚Ä¢ Friends,2025,Mount Batur
Sukhraj N,5,You need to book this!!!,Unknown date,Unknown,Mount Batur
Laura,5,The Best Mt. Batur Tour,Apr 2025 ‚Ä¢ Couples,2025,Mount Batur
Nithya B,5,Incredible and seamless experience,Apr 2025 ‚Ä¢ Solo,2025,Mount Batur
Oline G,5,Great trip,Apr 2025 ‚Ä¢ Couples,2025,Mount Batur
gracelyn n,5,"Great experience, Beautiful views",Apr 2025 ‚Ä¢ Solo,2025,Mount Batur
Teresa R,5,Mount Batur,Unknown date,Unknown,Mount Batur
Jennifer P,4,"An amazing driver, Wira",Apr 2025 ‚Ä¢ Couples,2025,Mount Batur
Caitlin M,5,Most beautiful view!,Apr 2025 ‚Ä¢ Family,2025,Mount Batur
Brydie G,5,Fantastic experience,Apr 2025 ‚Ä¢ Friends,2025,Mount Batur
Moedhart Gallery,5,Nice,Apr 2025 ‚Ä¢ Family,2025,Mount Batur
Heer S,5,Mt Batur Experience - Pick Up and Hike,Apr 2025 ‚Ä¢ Solo,2025,Mount Batur
Daniel,4,Mt. Batur experience,Unknown date,Unknown,Mount Batur
Robert,5,Great company to use for a unique experience,Apr 2025 ‚Ä¢ Couples,2025,Mount Batur
Fiona D,5,Must do in North Bali,Unknown date,Unknown,Mount Batur
Chloe S,5,Sunrise hike with hotel pickup,Unknown date,Unknown,Mount Batur
Â≤©Áî∞Â§ßÊ≤ª,5,Give me a great memory and experience,Apr 2025 ‚Ä¢ Solo,2025,Mount Batur
Charlotte S,5,Would highly recommend this tour,Apr 2025 ‚Ä¢ Solo,2025,Mount Batur
Katie M,5,Amazing,Apr 2025 ‚Ä¢ Solo,2025,Mount Batur
PushGold N,5,Everything good!,Apr 2025 ‚Ä¢ Couples,2025,Mount Batur
Mindy M,5,AMAZING 10/10,Apr 2025 ‚Ä¢ Couples,2025,Mount Batur
Luis A,5,Amazing,Unknown date,Unknown,Mount Batur
Dreamer03281473972,5,Mt. Batur hike,Apr 2025 ‚Ä¢ Family,2025,Mount Batur
Mindy L,5,Amazing sunrise tour,Apr 2025 ‚Ä¢ Couples,2025,Mount Batur
Bianca B,5,Nice experience,Apr 2025 ‚Ä¢ Couples,2025,Mount Batur
Lucy H,5,Lovely start to the day,Apr 2025 ‚Ä¢ Solo,2025,Mount Batur
sketchthat,5,Worth the early morning üåÑ,Unknown date,Unknown,Mount Batur
Chris H,5,Amazing trip and amazing hosts!,Apr 2025 ‚Ä¢ Friends,2025,Mount Batur
Navigate53029884569,5,Great tour! Good experience,Apr 2025 ‚Ä¢ Family,2025,Mount Batur
Wessel V,5,Brilliant tour guides and stunning views and pools,Unknown date,Unknown,Mount Batur
Daisy T,5,Hike,Apr 2025 ‚Ä¢ Friends,2025,Mount Batur
Mr Clayton,5,Worth the Early Start,Unknown date,Unknown,Mount Batur
Karolina C,5,Amazing experience,Apr 2025 ‚Ä¢ Solo,2025,Mount Batur
smileyboots,5,Good morning Bali!,Unknown date,Unknown,Mount Batur
Molly M,5,Thank you!!,Apr 2025 ‚Ä¢ Couples,2025,Mount Batur
Zoe C,5,Beautiful sunrise hike,Unknown date,Unknown,Mount Batur
Coralie K,5,A perfect sunrise in Bali!,Apr 2025 ‚Ä¢ Family,2025,Mount Batur
Hayley H,5,Mt Batur: Incredible Experience!,Unknown date,Unknown,Mount Batur
FarAway64033823158,5,Highly recommend!,Apr 2025 ‚Ä¢ Couples,2025,Mount Batur
Hannah J,5,Amazing experience,Apr 2025 ‚Ä¢ Friends,2025,Mount Batur
Shyam Sudhakar,5,Very well managed climb!,Apr 2025 ‚Ä¢ Couples,2025,Mount Batur
Getmeonthatplane,5,Sunrise over Bali,Unknown date,Unknown,Mount Batur
Georgiy C,5,Great experience! Would highly recommend it!,Apr 2025 ‚Ä¢ Solo,2025,Mount Batur
Richard C,5,Amazing and seamless sunrise hike experience,Apr 2025 ‚Ä¢ Friends,2025,Mount Batur
Mark v,5,Recommended and fine via TripAdvisor,Unknown date,Unknown,Mount Batur
Marina V,5,Felt Truly Taken Care Of ‚Äì Amazing Team!,Apr 2025 ‚Ä¢ Solo,2025,Mount Batur
jackson d,5,Mt. Batur sunrise hike and hotspring soak,Apr 2025 ‚Ä¢ Couples,2025,Mount Batur
ns342016,5,So good I came back 6 years later,Unknown date,Unknown,Mount Batur
Dylan S,5,Worth doing!,Apr 2025 ‚Ä¢ Couples,2025,Mount Batur
Radek P,5,Sunrise at Mount Batur,Apr 2025 ‚Ä¢ Family,2025,Mount Batur
Nathan F,5,Unforgettable experience.,Mar 2025 ‚Ä¢ Couples,2025,Mount Batur
Malika T,5,10/10 experience!,Apr 2025 ‚Ä¢ Friends,2025,Mount Batur
Shyam Sudhakar,5,Excellent company and staff!l,Apr 2025 ‚Ä¢ Couples,2025,Mount Batur
Lizzie,5,Breathtaking views,Unknown date,Unknown,Mount Batur
Teneal C,5,Bucket list,Apr 2025 ‚Ä¢ Friends,2025,Mount Batur
Alina B,5,Great day,Apr 2025 ‚Ä¢ Solo,2025,Mount Batur
Laura M,5,Mt Batur sunrise walk and hot springs,Unknown date,Unknown,Mount Batur
Mira M,5,Mount batur and hot springs,Unknown date,Unknown,Mount Batur
Chloe R,5,Great adventure,Unknown date,Unknown,Mount Batur
Janne R,5,Friendly,Unknown date,Unknown,Mount Batur
Evgeniia,5,Batur volcano,Apr 2025 ‚Ä¢ Family,2025,Mount Batur
Yuliya S,4,Review,Unknown date,Unknown,Mount Batur
Kavita J,5,Amazing experience,Mar 2025 ‚Ä¢ Couples,2025,Mount Batur
Lynda W,5,Best sunrise trek,Apr 2025 ‚Ä¢ Solo,2025,Mount Batur
Stephen P,5,Mt Batur Sunrise Hike,Unknown date,Unknown,Mount Batur
Amber S,5,Mount Batur hike and Hot Springs,Mar 2025 ‚Ä¢ Solo,2025,Mount Batur
amandine m,5,PERFECT,Mar 2025 ‚Ä¢ Friends,2025,Mount Batur
Simone M,5,Very good,Mar 2025 ‚Ä¢ Couples,2025,Mount Batur
Scott S,5,Wonderful hike up Batur!,Mar 2025 ‚Ä¢ Friends,2025,Mount Batur
DW,5,Mt. Batur Sunrise Hike ‚Äì An unforgettable experience with breathtaking views,Unknown date,Unknown,Mount Batur
Ellie R,5,"Friendly, quick and clear service",Unknown date,Unknown,Mount Batur
Michael T,5,Great experience e,Mar 2025 ‚Ä¢ Solo,2025,Mount Batur
Yenti P,5,Stunning view and loved our guide!,Mar 2025 ‚Ä¢ Friends,2025,Mount Batur
Harsh & Leena,5,temple at the sea shore and is very beautiful,Jan 2025 ‚Ä¢ Family,2025,Tanah Lot
Sanka1 üá±üá∞üá¨üáß,5,Must go at sunset,May 2025 ‚Ä¢ Couples,2025,Tanah Lot
Xavierphoto,5,Incredible atmosphere!,May 2025 ‚Ä¢ Friends,2025,Tanah Lot
Jeroen_tje01,1,Terrible.,Apr 2025 ‚Ä¢ Family,2025,Tanah Lot
Marco M,4,Where the scarf of a wise man became snake and protection!,Apr 2025 ‚Ä¢ Couples,2025,Tanah Lot
James E,5,My favourite place in Bali,Apr 2025 ‚Ä¢ Family,2025,Tanah Lot
houndy11,3,Temple at the edge of the Sea,Mar 2025 ‚Ä¢ Family,2025,Tanah Lot
Spest,5,Another place I admired in Bali,Feb 2025 ‚Ä¢ Couples,2025,Tanah Lot
ShikshaC,4,Beautiful but lacks stroller access‚Ä¶,Apr 2025 ‚Ä¢ Family,2025,Tanah Lot
Elizabeth N,1,Commercialism gone mad,Mar 2025 ‚Ä¢ Couples,2025,Tanah Lot
Bert S,5,Bali Tour with Blue Bird,Mar 2025 ‚Ä¢ Couples,2025,Tanah Lot
Akhun Khunzz,5,Land lot bali,Apr 2024 ‚Ä¢ Couples,2024,Tanah Lot
Vasudev68,5,A must place to visit,Mar 2025 ‚Ä¢ Business,2025,Tanah Lot
Jelajah Nusantara Indonesia,5,Road to Lot's Land,Nov 2024 ‚Ä¢ Business,2024,Tanah Lot
simone,4,Good place to take photo,Jan 2025 ‚Ä¢ Couples,2025,Tanah Lot
Rajesh K K,4,Temple in the Sea!,Jan 2025 ‚Ä¢ Solo,2025,Tanah Lot
chamane974,2,Pass your way,Feb 2025 ‚Ä¢ Family,2025,Tanah Lot
BALITRANSPORTS.ID,5,Destinations Worth Visiting,Nov 2024 ‚Ä¢ Business,2024,Tanah Lot
Pacheli,4,Depends.,Jan 2025 ‚Ä¢ Solo,2025,Tanah Lot
–ò–≥–æ—Ä—å,5,It's worth coming.,Jan 2025 ‚Ä¢ Family,2025,Tanah Lot
KieraTin603,5,Beautiful at sunset be mindful of aggressive stealing monkeys!,May 2024 ‚Ä¢ Friends,2024,Tanah Lot
Dmitry,2,Very underwhelming,Jan 2025 ‚Ä¢ Solo,2025,Tanah Lot
Our Trip Bali,5,Nice sunset,Jan 2025 ‚Ä¢ Family,2025,Tanah Lot
Sanjey B,5,Tanah Lot Temple Review,Jan 2025 ‚Ä¢ Couples,2025,Tanah Lot
Marnelli,5,A Sacred and Unforgettable Cultural Experience,Dec 2024 ‚Ä¢ Couples,2024,Tanah Lot
Marc v W,4,Nice & nice,Dec 2024 ‚Ä¢ Couples,2024,Tanah Lot
Minowe,4,Superb location,Oct 2024 ‚Ä¢ Couples,2024,Tanah Lot
Sewa Hiace Bali,5,Pura Land of Lot,Nov 2024 ‚Ä¢ Business,2024,Tanah Lot
Andr√©s A,4,Full of tourists,Nov 2024 ‚Ä¢ Couples,2024,Tanah Lot
Leigh C,4,Go when it is full moon,Dec 2024 ‚Ä¢ Couples,2024,Tanah Lot
Ferry en Marsch... L,5,A must see,Aug 2024 ‚Ä¢ Family,2024,Tanah Lot
daniele c,4,One of the Balinese temples by the sea,Aug 2024 ‚Ä¢ Couples,2024,Tanah Lot
Dirk W,4,Picture opportunity,Aug 2024 ‚Ä¢ Couples,2024,Tanah Lot
Olivier,4,Good spot but to be visited depending on tide timetables,Aug 2024 ‚Ä¢ Solo,2024,Tanah Lot
Anggita Deska,4,Ojek online wont pick up here!!,Jul 2024 ‚Ä¢ Friends,2024,Tanah Lot
Bediya K,5,1 of the most beautiful temple in Bali,Aug 2024 ‚Ä¢ Family,2024,Tanah Lot
Patrick S,4,Temples,Jul 2024 ‚Ä¢ Couples,2024,Tanah Lot
Scott L,4,An essential location to see when in Bali.,Aug 2024 ‚Ä¢ Family,2024,Tanah Lot
rene,4,Well,Aug 2024 ‚Ä¢ Family,2024,Tanah Lot
Martina B,4,Beautiful..,Aug 2024 ‚Ä¢ Family,2024,Tanah Lot
Chi N,4,Beautiful,May 2024 ‚Ä¢ Couples,2024,Tanah Lot
Nick M,5,"Great temple area, go visit",May 2024 ‚Ä¢ Couples,2024,Tanah Lot
Jo√´lle J,4,Beautiful temple on the water,Apr 2024 ‚Ä¢ Couples,2024,Tanah Lot
Manish K,2,Sunset view is good . No entry in temple. Mad traffic outside,May 2024 ‚Ä¢ Family,2024,Tanah Lot
Thibault V,5,Beautiful sunset,May 2024 ‚Ä¢ Friends,2024,Tanah Lot
Bernard L,4,To have,May 2024 ‚Ä¢ Couples,2024,Tanah Lot
Adriaan G,5,"A great experience, beautiful scenery and a must see when in Bali!",May 2024 ‚Ä¢ Couples,2024,Tanah Lot
roxa1956,5,"Hindu temple located on an islet, a destination for pilgrimages and tourists.",Apr 2024 ‚Ä¢ Friends,2024,Tanah Lot
Mabel,5,Tanah lot temple,Apr 2024 ‚Ä¢ Friends,2024,Tanah Lot
Kadek Lokal Guide,5,Tour,Apr 2024 ‚Ä¢ Business,2024,Tanah Lot
nhandrea,3,Highlight attraction???,Mar 2024 ‚Ä¢ Couples,2024,Tanah Lot
Roshan M,5,Bali trip,Mar 2024 ‚Ä¢ Family,2024,Tanah Lot
Yuhana,5,Holy vibes,Mar 2024 ‚Ä¢ Solo,2024,Tanah Lot
Trip To try,4,Is it worth it at sunset?,Aug 2023 ‚Ä¢ Couples,2023,Tanah Lot
edie209,5,"Tanah lot, it never disappoints",Apr 2023 ‚Ä¢ Couples,2023,Tanah Lot
Fabienne B,5,Tanah lot a beautiful view at sunset,Oct 2023 ‚Ä¢ Friends,2023,Tanah Lot
rvndr51,2,Tanah Lot temple,Feb 2024 ‚Ä¢ Family,2024,Tanah Lot
J E M,2,Beautiful temple sadly overshadowed by commercialism.,Feb 2024 ‚Ä¢ Friends,2024,Tanah Lot
Darren L,5,Beautiful Temple Location,Feb 2024 ‚Ä¢ Couples,2024,Tanah Lot
Kay W,5,Sunset,Feb 2024 ‚Ä¢ Solo,2024,Tanah Lot
Paul K,2,Not Worth the money,Jan 2024 ‚Ä¢ Solo,2024,Tanah Lot
Travelling Pixie,4,Stunning,Jan 2024 ‚Ä¢ Family,2024,Tanah Lot
Vinu,4,"Nice experience,  but crowded and bad day for a sunset",Nov 2023 ‚Ä¢ Family,2023,Tanah Lot
Shruthi P,4,Worth the hype!,Dec 2023 ‚Ä¢ Family,2023,Tanah Lot
AZCasualTraveler,5,Beautiful Temple on the Sea,Apr 2023 ‚Ä¢ Couples,2023,Tanah Lot
Keyur Panchal,5,Beautiful Site,Dec 2023 ‚Ä¢ Family,2023,Tanah Lot
scubacol11,4,Great place for sunsets.,Oct 2023 ‚Ä¢ Couples,2023,Tanah Lot
S.Akgul,5,Greatüõïüõïüõïüõï,Dec 2023 ‚Ä¢ Couples,2023,Tanah Lot
Dirk W,3,The Tanah Lot temple,Nov 2023 ‚Ä¢ Couples,2023,Tanah Lot
Yasemin T,4,seaside temple,Dec 2023 ‚Ä¢ Couples,2023,Tanah Lot
Marlene Moteley,5,Gorgeous,Dec 2023 ‚Ä¢ Friends,2023,Tanah Lot
Edward Snowden,4,My experience,Nov 2023 ‚Ä¢ Friends,2023,Tanah Lot
markitiki,4,Impressive and Unique,Nov 2023 ‚Ä¢ Solo,2023,Tanah Lot
Branco A,4,Nice if you are in the area.,Nov 2023 ‚Ä¢ Couples,2023,Tanah Lot
Irman Novriandi,5,A temple in the rock,Apr 2023 ‚Ä¢ Couples,2023,Tanah Lot
Orin L,2,Overrated,Nov 2023 ‚Ä¢ Solo,2023,Tanah Lot
Ricky Shandy Setiawan,5,Tanah Lot is one of UNESCO Heritage Site.,Oct 2023 ‚Ä¢ Friends,2023,Tanah Lot
Larry M,5,Definitely a must-see when in Bali.,Nov 2023 ‚Ä¢ Couples,2023,Tanah Lot
Roberto G,4,Temple at the mercy of the tides,Sep 2023 ‚Ä¢ Friends,2023,Tanah Lot
travelwithoutmercy,3,Overhyped,Oct 2023 ‚Ä¢ Family,2023,Tanah Lot
ejane875,3,Nice sunset spot but nothing special,Oct 2023 ‚Ä¢ Solo,2023,Tanah Lot
Traveller102,3,"Beautiful sunset and coastline, but not a must!",Oct 2023 ‚Ä¢ Couples,2023,Tanah Lot
Ewan,5,A must when visiting Bali,Oct 2023 ‚Ä¢ Couples,2023,Tanah Lot
George,5,Amazing Temple,Oct 2023 ‚Ä¢ Couples,2023,Tanah Lot
Fatima Mohsin,3,Temple carved out of stone!,Oct 2023 ‚Ä¢ Couples,2023,Tanah Lot
bgtoca,4,Beautiful seaside temple,Oct 2023 ‚Ä¢ Family,2023,Tanah Lot
narathar,5,Beauty of nature and a place to see sunset,Sep 2023 ‚Ä¢ Family,2023,Tanah Lot
Richard D,4,"Beautiful site, too many tourists.",Sep 2023 ‚Ä¢ Couples,2023,Tanah Lot
Reisemaus6271,5,Worth a trip,Sep 2023 ‚Ä¢ Couples,2023,Tanah Lot
francis187,5,Tanah Lot Temple visit,Nov 2022 ‚Ä¢ Solo,2022,Tanah Lot
intansprei,5,Beautiful land lot,Sep 2023 ‚Ä¢ Couples,2023,Tanah Lot
Roy K,5,Breathtaking temple,Sep 2023 ‚Ä¢ Family,2023,Tanah Lot
Nicolas Slunsky,5,A must,Sep 2023 ‚Ä¢ Solo,2023,Tanah Lot
Yo13,4,See for some nice photos.,Sep 2023 ‚Ä¢ Couples,2023,Tanah Lot
ayu puspita,5,Amazing,Aug 2023 ‚Ä¢ Friends,2023,Tanah Lot
cramac,4,Very scenic,Aug 2023 ‚Ä¢ Solo,2023,Tanah Lot
ü©∂‚öúÔ∏è ùìùùì™ùìΩùîÇ¬Æ ‚öúÔ∏èü©∂,5,Tanah Lot Temple,Feb 2023 ‚Ä¢ Couples,2023,Tanah Lot
Vittorio B.,4,TO BE SEEN,Aug 2023 ‚Ä¢ Couples,2023,Tanah Lot
lyndawilson72,4,Photogenic island temple,Aug 2023 ‚Ä¢ Family,2023,Tanah Lot
michelbleau,5,Touristy but unmissable,Aug 2023 ‚Ä¢ Couples,2023,Tanah Lot
famillebloIs,5,Stunning,Aug 2023 ‚Ä¢ Family,2023,Tanah Lot
Sebastian M,5,Tanah Lot Temple,Aug 2023 ‚Ä¢ Family,2023,Tanah Lot
Didj67,4,Very beautiful temple on the water,Jul 2023 ‚Ä¢ Family,2023,Tanah Lot
Hany G,3,Holly temple!,Jul 2023 ‚Ä¢ Couples,2023,Tanah Lot
JudithTel_aviv,5,The place is simply beautiful from every angle and shrouded in mystery,Jul 2023,2023,Tanah Lot
Annie S,4,Try to visit at low tide,May 2023 ‚Ä¢ Couples,2023,Tanah Lot
Sandra G,4,Sunset on the temple,Jul 2023 ‚Ä¢ Couples,2023,Tanah Lot
Where_to_travel_next,5,Water temple,Jul 2023 ‚Ä¢ Friends,2023,Tanah Lot
UnbreakableSara,5,Truly a special place!,Jul 2023 ‚Ä¢ Friends,2023,Tanah Lot
Belle,5,Beautiful area.,Jun 2023 ‚Ä¢ Family,2023,Tanah Lot
Fateme B,5,Amazing,May 2025 ‚Ä¢ Solo,2025,Taro Village
Iris M,5,Great experience!,May 2025 ‚Ä¢ Solo,2025,Taro Village
Laurie E,5,Silver making class,May 2025 ‚Ä¢ Couples,2025,Taro Village
GSxo,5,Great silver class!,Apr 2025 ‚Ä¢ Friends,2025,Taro Village
Christina M,5,Unforgettable immersion in culture.,Unknown date,Unknown,Taro Village
GoldGypsy,5,"Cultural experience, a little off the beaten track.",Apr 2025 ‚Ä¢ Couples,2025,Taro Village
majacupuncture,5,Learn how to make traditional Balinese coconut oil.,Apr 2025 ‚Ä¢ Family,2025,Taro Village
Caitlin L,5,Wonderful Ubud experience,Apr 2025 ‚Ä¢ Couples,2025,Taro Village
Joey,5,Super Fun!,Mar 2025 ‚Ä¢ Friends,2025,Taro Village
Elizabeth G,5,Wonderful experience,Mar 2025 ‚Ä¢ Couples,2025,Taro Village
Annette F,5,Fabulous,Mar 2025 ‚Ä¢ Family,2025,Taro Village
Emma R,5,High recommend experience,Feb 2025 ‚Ä¢ Solo,2025,Taro Village
Adrienne,5,I got to make a beautiful ring,Feb 2025 ‚Ä¢ Solo,2025,Taro Village
Jessie H,5,Our whole family loved this!,Unknown date,Unknown,Taro Village
Stephanie B,5,Great find and great deal!,Jan 2025 ‚Ä¢ Couples,2025,Taro Village
Sophie C,5,A one off experience!,Dec 2024 ‚Ä¢ Couples,2024,Taro Village
Mar W,5,Amazing experience,Dec 2024 ‚Ä¢ Couples,2024,Taro Village
Voyage653831,5,Highly recommend!!,Nov 2024 ‚Ä¢ Couples,2024,Taro Village
NorthStar730696,5,Just do it!,Dec 2024 ‚Ä¢ Solo,2024,Taro Village
DayTrip36879128635,5,Highly reccomend this workshop!!,Nov 2024 ‚Ä¢ Couples,2024,Taro Village
Candace M,5,Great silver jewelry class,Unknown date,Unknown,Taro Village
Nico01113,5,Great experience,Aug 2024 ‚Ä¢ Friends,2024,Taro Village
arfan g,5,Staycation with family,Jul 2024 ‚Ä¢ Family,2024,Taro Village
Munira A,5,The best experience,Jul 2024 ‚Ä¢ Friends,2024,Taro Village
Benabdalmalek Z,5,One of the best experiences in Bali,Jul 2024 ‚Ä¢ Family,2024,Taro Village
Sara L,5,Fun Process and Beautiful Rings!,Jul 2024 ‚Ä¢ Friends,2024,Taro Village
christophe l,5,EXCELLENT EXPERIENCE,Unknown date,Unknown,Taro Village
Vanessa S,5,Jewellery making in Ubud,Jul 2024 ‚Ä¢ Family,2024,Taro Village
James H,5,A must-do,Jun 2024 ‚Ä¢ Couples,2024,Taro Village
Chantelle H,5,Ubud silver jewellery class,Jun 2024 ‚Ä¢ Couples,2024,Taro Village
Harrison B,5,Taro Silver Jewellery making experience,Jun 2024 ‚Ä¢ Couples,2024,Taro Village
Chantelle H,5,Traditional Taro village experience,Jun 2024 ‚Ä¢ Couples,2024,Taro Village
Harrison B,5,Exceptional Taro Traditional village experiance,Jun 2024 ‚Ä¢ Couples,2024,Taro Village
Jenny K,5,Great experience for everyone,Jun 2024 ‚Ä¢ Family,2024,Taro Village
Anthony Richard G,5,Made a Silver Ring!,Jun 2024 ‚Ä¢ Friends,2024,Taro Village
papa_soey,5,Ubud souvenirs you have to earn!!,Unknown date,Unknown,Taro Village
Ubud B,5,Best Silver Jewelry Class in Ubud Bali,May 2024 ‚Ä¢ Solo,2024,Taro Village
Rosanne v,5,Real authentic Bali experience,Unknown date,Unknown,Taro Village
Gyungeun L,5,Recommend,Apr 2024 ‚Ä¢ Family,2024,Taro Village
Manuela G,5,Homemade souvenir,Unknown date,Unknown,Taro Village
Carly P,5,Must do!,Apr 2024 ‚Ä¢ Family,2024,Taro Village
Sky,5,Love the rings we made!,Mar 2024 ‚Ä¢ Couples,2024,Taro Village
Sue T,5,Silver making,Mar 2024 ‚Ä¢ Couples,2024,Taro Village
Leon G,5,Fun with silver,Mar 2024 ‚Ä¢ Family,2024,Taro Village
Ben,5,Fantastic silver making class,Mar 2024 ‚Ä¢ Couples,2024,Taro Village
Damian W,5,I made a necklace piece from beginning to end,Mar 2024 ‚Ä¢ Solo,2024,Taro Village
Bek S,5,Amazing silver making class,Mar 2024 ‚Ä¢ Friends,2024,Taro Village
Candace W,5,Great jewellery making experience!,Mar 2024 ‚Ä¢ Solo,2024,Taro Village
Sophia S,5,Highly recommend,Mar 2024 ‚Ä¢ Couples,2024,Taro Village
Matthew B,5,A great experience!,Feb 2024 ‚Ä¢ Family,2024,Taro Village
Sergey Tyan,5,You will create jewelry that you will love to wear!,Feb 2024 ‚Ä¢ Couples,2024,Taro Village
Takira Y,5,Highly recommend!,Feb 2024 ‚Ä¢ Couples,2024,Taro Village
aqib h,5,Best jewellery class,Feb 2024 ‚Ä¢ Couples,2024,Taro Village
steph D,5,High recommended jewelry lessons. ‚ù§Ô∏è,Feb 2024 ‚Ä¢ Family,2024,Taro Village
Hannah D,5,Beautiful experience!,Nov 2023 ‚Ä¢ Solo,2023,Taro Village
Emmy L,5,Unique creative experience!,Jan 2024 ‚Ä¢ Friends,2024,Taro Village
Sara Selene Man... F,5,Love it,Jan 2024 ‚Ä¢ Friends,2024,Taro Village
Jasmine F,5,Ring making class,Dec 2023 ‚Ä¢ Couples,2023,Taro Village
Nasiba1009,5,Creat experience,Jan 2024 ‚Ä¢ Solo,2024,Taro Village
Kelly P,5,AMAZING!!!,Jan 2024 ‚Ä¢ Family,2024,Taro Village
Trek41570205895,5,A great experience to remember,Sep 2023 ‚Ä¢ Couples,2023,Taro Village
Lena S,5,Great experience,Sep 2023 ‚Ä¢ Couples,2023,Taro Village
OnAir32134039170,5,Beautiful local class in village,Sep 2023 ‚Ä¢ Couples,2023,Taro Village
Lara M,5,Such lovely people and a great experience,Sep 2023 ‚Ä¢ Couples,2023,Taro Village
Paige M,5,Once in a lifetime experience,Sep 2023 ‚Ä¢ Family,2023,Taro Village
Alina G,5,Beautiful ring making experience,Sep 2023 ‚Ä¢ Friends,2023,Taro Village
dummy o,5,Unique and fun experience,Sep 2023 ‚Ä¢ Family,2023,Taro Village
james g,5,Brilliant activity,Sep 2023 ‚Ä¢ Couples,2023,Taro Village
Traveler67046384103,5,Great class,Sep 2023 ‚Ä¢ Family,2023,Taro Village
S W,5,Memories of Bali,Unknown date,Unknown,Taro Village
Hamish Kilpatrick,5,Amazing experience,Sep 2023 ‚Ä¢ Couples,2023,Taro Village
Katie Derham,5,Great afternoon ring making,Unknown date,Unknown,Taro Village
Tana Seis,5,Amazing experience,Aug 2023 ‚Ä¢ Couples,2023,Taro Village
Jordan,5,Tons of fun!,Aug 2023 ‚Ä¢ Couples,2023,Taro Village
Maile L,5,A lovely morning making jewelry,Aug 2023 ‚Ä¢ Solo,2023,Taro Village
Alberto,5,Amazing time,Aug 2023 ‚Ä¢ Couples,2023,Taro Village
Lynn V,5,Highly recommended!,Aug 2023 ‚Ä¢ Couples,2023,Taro Village
Floriane m,5,Jewelry class,Aug 2023 ‚Ä¢ Solo,2023,Taro Village
Jared D,5,Still in Awe!!,Jul 2023 ‚Ä¢ Solo,2023,Taro Village
juuliaemilia,5,Wonderful souvenirs and a fun experience,Unknown date,Unknown,Taro Village
Selina,5,Highly recommended! I,Jul 2023 ‚Ä¢ Couples,2023,Taro Village
freedazedaze,5,Wonderful,Jul 2023 ‚Ä¢ Solo,2023,Taro Village
Grace C,5,So much fun!,Jul 2023 ‚Ä¢ Solo,2023,Taro Village
Annabel H-S,5,a day to remember,Jul 2023 ‚Ä¢ Family,2023,Taro Village
Si Xuan,5,Amazing and thoughtful family of craftsmen guaranteed to leave you beyond satisfied,Jul 2023 ‚Ä¢ Couples,2023,Taro Village
Gijs v,5,Great 2 hour workshop.,Jul 2023 ‚Ä¢ Family,2023,Taro Village
Belinda R,5,Hidden gem!,Jul 2023 ‚Ä¢ Solo,2023,Taro Village
ablackleey,5,10/10 BEST CLASS EVER!,Jul 2023 ‚Ä¢ Couples,2023,Taro Village
Raphael S,5,FUN!,Jun 2023,2023,Taro Village
Josey T,5,Beautiful Custom Souvenir made by me!,Jul 2023 ‚Ä¢ Solo,2023,Taro Village
Vial M,5,Awesome,May 2023 ‚Ä¢ Couples,2023,Taro Village
Michelle W,5,Fun experience,May 2023 ‚Ä¢ Friends,2023,Taro Village
Gemma G,5,Ring making,May 2023 ‚Ä¢ Friends,2023,Taro Village
Beautyby d,5,Had a great time,May 2023 ‚Ä¢ Couples,2023,Taro Village
tanya,5,Best class ever,May 2023 ‚Ä¢ Friends,2023,Taro Village
Rebecca C,5,Wonderful afternoon,May 2023 ‚Ä¢ Friends,2023,Taro Village
S N,5,Great time,Apr 2023 ‚Ä¢ Couples,2023,Taro Village
Wennn,5,Superb Experience,Apr 2023 ‚Ä¢ Solo,2023,Taro Village
Debbie H,5,Amazing morning in a traditional Bali village,Apr 2023 ‚Ä¢ Friends,2023,Taro Village
Chloe,5,Awesome experience in offering lesson and purification,Mar 2023 ‚Ä¢ Family,2023,Taro Village
Putri T,5,"made my wedding bands here, meaningful experience!!",Feb 2023 ‚Ä¢ Friends,2023,Taro Village
Ubud Activities,5,What a great moment and activity In Ubud Bali,Feb 2023 ‚Ä¢ Couples,2023,Taro Village
Jesikah T,5,A MUST DO!!,Feb 2023 ‚Ä¢ Couples,2023,Taro Village
Lachie M,5,A very personal experience and souvenir,Jan 2023 ‚Ä¢ Solo,2023,Taro Village
Jessica P,5,A MUST DO,Jan 2023 ‚Ä¢ Couples,2023,Taro Village
Mary,5,Amazing bnb experience,Jan 2023 ‚Ä¢ Solo,2023,Taro Village
Lefty7716,5,Family experience- offering lesson and purification,Jan 2023 ‚Ä¢ Family,2023,Taro Village
Bron L,5,"What a terrific, and highly enjoyable experience!",Dec 2022,2022,Taro Village
Mark,5,Having fun crafting a ring,Unknown date,Unknown,Taro Village
ctyboy,5,An authentic taste of Balinese tradition,Unknown date,Unknown,Taro Village
Bene D,5,Jewellery course,Dec 2022 ‚Ä¢ Friends,2022,Taro Village
Bennii,5,Custom ring,Unknown date,Unknown,Taro Village
TeruB,5,‚ÄúWe had an absolutely amazing time! Thanks so much for everything.‚Äù,Nov 2022 ‚Ä¢ Couples,2022,Taro Village
DADDY,5,Remarkable fun and education for solo travellers and groups!,Unknown date,Unknown,Taro Village
Rita R,5,Very interisting,Oct 2022,2022,Taro Village
Wivine O,5,The best & useful experience!,Jul 2022 ‚Ä¢ Solo,2022,Taro Village
abhikumar777,5,Absolutely worth it.,Aug 2022 ‚Ä¢ Solo,2022,Taro Village
Ben,5,Best Tour on Bali,Sep 2022 ‚Ä¢ Couples,2022,Taro Village
Peggy C,5,True Meaning of Travel,Jul 2022 ‚Ä¢ Couples,2022,Taro Village
Sangayu Bali Cooking Class,5,I would highly recommend doing this experience,Jun 2022,2022,Taro Village
Kim O,5,Life-changing experience,Unknown date,Unknown,Taro Village
Max Tannchen,5,Taro traditional village - a dream,Mar 2021,2021,Taro Village
Matija,5,Authentic and educational experience - would recommend to anyone,Dec 2019,2019,Taro Village
Yonnette D,5,Felt Like Visiting Family,Unknown date,Unknown,Taro Village
taurusnyc,5,Great experience !! Definitely something to do while in bali.,Nov 2019 ‚Ä¢ Friends,2019,Taro Village
Tonya S,5,Even Better than Expected,Jul 2019,2019,Taro Village
romyjongen,5,Such a warm welcome and great experience!,Sep 2019 ‚Ä¢ Friends,2019,Taro Village
Elena G,5,Beautiful and very authentic!,Unknown date,Unknown,Taro Village
Ubud Activities,5,Amazing Experience with amazing family,Unknown date,Unknown,Taro Village
Dany S,5,Fun afternoon making coconut oil with a Balinese family,Jun 2019 ‚Ä¢ Solo,2019,Taro Village
Helen,5,Great Fun!,May 2019 ‚Ä¢ Friends,2019,Taro Village
Maonk S,5,Make Traditional Bali Coconut Oil with Bali's Family experience,Apr 2019 ‚Ä¢ Friends,2019,Taro Village
Mary,2,Lost it's Appeal,May 2025 ‚Ä¢ Couples,2025,Tegalalang Rice Terrace
Jason Bourne,3,Be very careful of the climb,May 2025 ‚Ä¢ Couples,2025,Tegalalang Rice Terrace
Logane B,5,Nice.,May 2025 ‚Ä¢ Couples,2025,Tegalalang Rice Terrace
Xavierphoto,5,Rice fields and nothing picturesque,May 2025 ‚Ä¢ Friends,2025,Tegalalang Rice Terrace
We Travel the World,5,Beautiful rice terraces,Apr 2025 ‚Ä¢ Friends,2025,Tegalalang Rice Terrace
MURIA TRAVEL,5,Traveling to Muria Travel,Nov 2024 ‚Ä¢ Family,2024,Tegalalang Rice Terrace
Amanda,2,Overrated tourist trap,Apr 2025 ‚Ä¢ Family,2025,Tegalalang Rice Terrace
Aleh,3,So so,Apr 2025 ‚Ä¢ Couples,2025,Tegalalang Rice Terrace
Francesco D,4,Beautiful but tiring,Aug 2024 ‚Ä¢ Friends,2024,Tegalalang Rice Terrace
Anastasia B,5,Beautiful,Apr 2025 ‚Ä¢ Solo,2025,Tegalalang Rice Terrace
Kim A,2,Disappointed. A park not rice fields,Apr 2025 ‚Ä¢ Family,2025,Tegalalang Rice Terrace
Sara,3,Perhaps the most touristic place in Bali,Mar 2025 ‚Ä¢ Couples,2025,Tegalalang Rice Terrace
Gavin H,5,Highly recommend this spa and therapy.,Apr 2025 ‚Ä¢ Couples,2025,Tegalalang Rice Terrace
Nadeen Whitehead,4,Beautiful experience,Apr 2025 ‚Ä¢ Couples,2025,Tegalalang Rice Terrace
matildadavis07,5,loved it !,Apr 2025 ‚Ä¢ Friends,2025,Tegalalang Rice Terrace
hagainapaulina,5,Tourisity area,Apr 2024 ‚Ä¢ Couples,2024,Tegalalang Rice Terrace
Gerd_Shanghai,5,Nice views and decent food,Feb 2025 ‚Ä¢ Couples,2025,Tegalalang Rice Terrace
Gareth C,3,"Gorgeous Place, But a Tourist Hotspot!",Oct 2024 ‚Ä¢ Solo,2024,Tegalalang Rice Terrace
Anty v,1,Commercial business!!,Feb 2025 ‚Ä¢ Friends,2025,Tegalalang Rice Terrace
Philipp K,5,Worth a visit -> Thank you John,Oct 2024 ‚Ä¢ Family,2024,Tegalalang Rice Terrace
alohatripper,3,Not comparable to Jatiluwih Green Land rice terraces,Jan 2025 ‚Ä¢ Friends,2025,Tegalalang Rice Terrace
seema60,4,Lovely rice terraces in Ubud,Feb 2025 ‚Ä¢ Solo,2025,Tegalalang Rice Terrace
Iulian Parvu,5,Breathtaking Views at Tegalalang Rice Terrace,Oct 2024 ‚Ä¢ Couples,2024,Tegalalang Rice Terrace
SandraWie,1,Tourist staircase,Feb 2025 ‚Ä¢ Couples,2025,Tegalalang Rice Terrace
Violaine et Florent,4,What to do,Feb 2025 ‚Ä¢ Family,2025,Tegalalang Rice Terrace
Eddy tour kuta,5,Best Spot for Lunch,Jan 2025 ‚Ä¢ Business,2025,Tegalalang Rice Terrace
Usia2014,5,Beautiful place,Nov 2024 ‚Ä¢ Couples,2024,Tegalalang Rice Terrace
Rajesh K K,3,Overrated place,Jan 2025 ‚Ä¢ Solo,2025,Tegalalang Rice Terrace
Tim Li,1,Horrible Tourist Trap with Horrendous Staff,Jan 2025 ‚Ä¢ Couples,2025,Tegalalang Rice Terrace
Pernille R√∏jb√¶k S,4,Really good experience with beautiful nature,Jan 2025 ‚Ä¢ Couples,2025,Tegalalang Rice Terrace
Tommy,4,"Hot,but nice to see!",Jan 2025 ‚Ä¢ Couples,2025,Tegalalang Rice Terrace
Mohammed Ashhar A,2,Rice Terrace,Jan 2025 ‚Ä¢ Couples,2025,Tegalalang Rice Terrace
Lennoncp,3,Ubud rice terrace,Jan 2025 ‚Ä¢ Couples,2025,Tegalalang Rice Terrace
KieraTin603,5,Breathtaking and informative.,May 2024 ‚Ä¢ Friends,2024,Tegalalang Rice Terrace
Alovestravel,5,It was entertaining to watch folks on the large swings and had great photo opportunities.,Jan 2025 ‚Ä¢ Family,2025,Tegalalang Rice Terrace
Our Trip Bali,5,"Awesome view , very recommend",Jan 2025 ‚Ä¢ Business,2025,Tegalalang Rice Terrace
Jubin Edachery,5,Stunning nature,May 2024 ‚Ä¢ Family,2024,Tegalalang Rice Terrace
Marnelli,4,A Fun Adventure with Room for Improvement,Dec 2024 ‚Ä¢ Couples,2024,Tegalalang Rice Terrace
kashgo,2,Not worth the price when there are free places,Dec 2024 ‚Ä¢ Solo,2024,Tegalalang Rice Terrace
Maki M,4,Worth the visit,Dec 2024 ‚Ä¢ Couples,2024,Tegalalang Rice Terrace
Emilie,2,Busy amusement park with rice fields,Dec 2024 ‚Ä¢ Couples,2024,Tegalalang Rice Terrace
Simone C,3,Non-mandatory stage,Dec 2024 ‚Ä¢ Friends,2024,Tegalalang Rice Terrace
CK,5,An enjoyable visit to Ubud for some beautiful greenery,Dec 2024 ‚Ä¢ Family,2024,Tegalalang Rice Terrace
SydneyMummytraveller,4,Beautiful spot. Worth a visit,Dec 2024 ‚Ä¢ Family,2024,Tegalalang Rice Terrace
Jonique Life,5,Rice Terrace,Dec 2024 ‚Ä¢ Couples,2024,Tegalalang Rice Terrace
Where2next,4,Spectacular Rice Fields,Dec 2024 ‚Ä¢ Family,2024,Tegalalang Rice Terrace
Gaby C,1,Ruined and Plastic. Avoid,Dec 2024 ‚Ä¢ Family,2024,Tegalalang Rice Terrace
Komeng,5,The beautiful place,Dec 2024 ‚Ä¢ Friends,2024,Tegalalang Rice Terrace
Vishal,5,Beautiful Scenery,Nov 2024 ‚Ä¢ Couples,2024,Tegalalang Rice Terrace
Joel Love,5,"A must do, when coming to Bali. You simply must visit a see the beauty and culture of places like the rice terraces. Parking is",Nov 2024 ‚Ä¢ Couples,2024,Tegalalang Rice Terrace
Pascal R,4,Friendly place,Oct 2024 ‚Ä¢ Family,2024,Tegalalang Rice Terrace
True Travel Bali,5,Good.,Oct 2024 ‚Ä¢ Business,2024,Tegalalang Rice Terrace
MichelM_Delft,4,Beautiful,Sep 2024 ‚Ä¢ Couples,2024,Tegalalang Rice Terrace
Sarah,5,Indescribable beautiful place,Sep 2024 ‚Ä¢ Couples,2024,Tegalalang Rice Terrace
Heath,3,They'll charge you for your entrance.,Sep 2024 ‚Ä¢ Family,2024,Tegalalang Rice Terrace
Traveller,2,Disappointing,Oct 2024 ‚Ä¢ Couples,2024,Tegalalang Rice Terrace
Amit J,4,Nice scenery and Bali Swing,Jul 2024 ‚Ä¢ Couples,2024,Tegalalang Rice Terrace
Niout,5,Beautiful rice fields,Sep 2024 ‚Ä¢ Couples,2024,Tegalalang Rice Terrace
Naveen,4,Greenery all around,Sep 2024 ‚Ä¢ Couples,2024,Tegalalang Rice Terrace
BangorLocal,4,Fields of view,Sep 2024 ‚Ä¢ Couples,2024,Tegalalang Rice Terrace
Stuart Towers,5,Rice terrace,Sep 2024 ‚Ä¢ Couples,2024,Tegalalang Rice Terrace
Bruce W,5,Have to go,Sep 2024 ‚Ä¢ Couples,2024,Tegalalang Rice Terrace
Camille M,5,To do,Sep 2024 ‚Ä¢ Family,2024,Tegalalang Rice Terrace
Audrey,5,Things to see during your stay in Ubud,Sep 2024 ‚Ä¢ Couples,2024,Tegalalang Rice Terrace
Roger W,5,Symbol of Ubud and surroundings,Aug 2024 ‚Ä¢ Couples,2024,Tegalalang Rice Terrace
Pernille DA,4,Scenic and unique beauty,Jul 2024 ‚Ä¢ Family,2024,Tegalalang Rice Terrace
daniele c,4,Wonderful rice fields,Aug 2024 ‚Ä¢ Couples,2024,Tegalalang Rice Terrace
ClaireW44,2,Give this a miss,Aug 2024 ‚Ä¢ Friends,2024,Tegalalang Rice Terrace
Connector563658,1,Sacrificed rice fields,Aug 2024 ‚Ä¢ Family,2024,Tegalalang Rice Terrace
Ay A,5,I attempted the swing after taking a risk! I have no regrets about it.,Aug 2024 ‚Ä¢ Family,2024,Tegalalang Rice Terrace
athenais2016,1,To flee!!!!!,Aug 2024 ‚Ä¢ Family,2024,Tegalalang Rice Terrace
Vim,5,Beautiful.,Aug 2024 ‚Ä¢ Couples,2024,Tegalalang Rice Terrace
Madison G,5,Great experience,Aug 2024 ‚Ä¢ Couples,2024,Tegalalang Rice Terrace
Traveler-13,3,Very nice place polluted by Instagram tourists,Aug 2024 ‚Ä¢ Couples,2024,Tegalalang Rice Terrace
vitorbabrazil,2,Disappointing,Aug 2024 ‚Ä¢ Friends,2024,Tegalalang Rice Terrace
steve20251,4,"Yeah, it's touristy, but...",Aug 2024 ‚Ä¢ Friends,2024,Tegalalang Rice Terrace
J. R.,4,"Beautiful rice terraces, but many tourists",Aug 2024 ‚Ä¢ Friends,2024,Tegalalang Rice Terrace
Martina B,2,Now too touristy...,Aug 2024 ‚Ä¢ Family,2024,Tegalalang Rice Terrace
FarAway684589,4,Too comercial,Aug 2024 ‚Ä¢ Couples,2024,Tegalalang Rice Terrace
dukenico,5,Superb,Jul 2024 ‚Ä¢ Family,2024,Tegalalang Rice Terrace
Soraya0513,4,"Scenic view, fresh air, good walk",May 2024 ‚Ä¢ Couples,2024,Tegalalang Rice Terrace
BartiBear,4,Beautiful place and great animal diversity,Jul 2024 ‚Ä¢ Couples,2024,Tegalalang Rice Terrace
Adriano Paladino,1,Fuck!,Jul 2024 ‚Ä¢ Couples,2024,Tegalalang Rice Terrace
Kalitou,4,A good surprise,Jul 2024 ‚Ä¢ Family,2024,Tegalalang Rice Terrace
Avais.Sherani,3,Over Hyped Experience,Jul 2024 ‚Ä¢ Couples,2024,Tegalalang Rice Terrace
Malgo Tark,3,Rice field experience in July,Jul 2024 ‚Ä¢ Friends,2024,Tegalalang Rice Terrace
lulusdl,1,Pass your way,Jun 2024 ‚Ä¢ Family,2024,Tegalalang Rice Terrace
aiarda,5,Beautiful,Jul 2024 ‚Ä¢ Couples,2024,Tegalalang Rice Terrace
Daniel F,4,Rice terraces in a kl. Tal,Jul 2024 ‚Ä¢ Friends,2024,Tegalalang Rice Terrace
SanJK89,3,Average visit,Apr 2024 ‚Ä¢ Couples,2024,Tegalalang Rice Terrace
Bali Serenity Tours,5,Tegalalang rice terrace,Jun 2024 ‚Ä¢ Couples,2024,Tegalalang Rice Terrace
subsri99,3,Can visit if this is the only rice terrace you have access to,May 2024 ‚Ä¢ Family,2024,Tegalalang Rice Terrace
ronencap,3,Overrun and commercialized for Instagram,May 2024 ‚Ä¢ Family,2024,Tegalalang Rice Terrace
Onas,3,"Cute, but nothing special",Nov 2023 ‚Ä¢ Couples,2023,Tegalalang Rice Terrace
Martin Niemoller,5,Majestic view,May 2024 ‚Ä¢ Couples,2024,Tegalalang Rice Terrace
sifu,2,Very disappointing,May 2024 ‚Ä¢ Couples,2024,Tegalalang Rice Terrace
caddyandbellA,4,There at the right time of year,May 2024 ‚Ä¢ Couples,2024,Tegalalang Rice Terrace
Marissa,2,Overrated,May 2024 ‚Ä¢ Couples,2024,Tegalalang Rice Terrace
Greg Beachen / Grape Escape Ltd,5,Rice Terrace,May 2024 ‚Ä¢ Couples,2024,Tegalalang Rice Terrace
Glyn J,3,No sense of the authentic rice fields,Jan 2024 ‚Ä¢ Couples,2024,Tegalalang Rice Terrace
paolo r,5,Rice terraces,May 2024 ‚Ä¢ Couples,2024,Tegalalang Rice Terrace
Maria T,5,Start your walk from Mupo,May 2024 ‚Ä¢ Couples,2024,Tegalalang Rice Terrace
LondonLockwood,3,Shame about the swings,May 2024 ‚Ä¢ Family,2024,Tegalalang Rice Terrace
YSEUTLINE,2,A trip to Dinsney terrace,May 2024 ‚Ä¢ Couples,2024,Tegalalang Rice Terrace
balicenikdriver,5,Balicenik,May 2024 ‚Ä¢ Business,2024,Tegalalang Rice Terrace
Tatsiana D,5,A dream come true,May 2024 ‚Ä¢ Couples,2024,Tegalalang Rice Terrace
Cnr,5,Rice fields are magnificent,May 2024 ‚Ä¢ Family,2024,Tegalalang Rice Terrace
Alex,5,Wonder of the world,Apr 2024 ‚Ä¢ Couples,2024,Tegalalang Rice Terrace
Fabian,4,Nice to have seen,May 2024 ‚Ä¢ Friends,2024,Tegalalang Rice Terrace
Jer,4,One of the best Rice Terrace in Bali,Oct 2023 ‚Ä¢ Business,2023,Tegalalang Rice Terrace
Jessica C,5,Great day out in nature,Apr 2024 ‚Ä¢ Couples,2024,Tegalalang Rice Terrace
Aenschii,2,"If you are looking for an idyllic, authentic landscape, you have come to the wrong place!",Apr 2024 ‚Ä¢ Couples,2024,Tegalalang Rice Terrace
dianinha m,5,Great,Apr 2024 ‚Ä¢ Couples,2024,Tegalalang Rice Terrace
Paola S,4,Cycling over the rice fields,Apr 2024 ‚Ä¢ Friends,2024,Tegalalang Rice Terrace
Mabel,5,Rice terraces visit,Apr 2024 ‚Ä¢ Friends,2024,Tegalalang Rice Terrace
IndigoWorld,4,And than she flew above the fields,Mar 2024 ‚Ä¢ Family,2024,Tegalalang Rice Terrace
Ghadeer333,5,Beautiful must see place,Apr 2024 ‚Ä¢ Family,2024,Tegalalang Rice Terrace
Alexander C,3,The Disney-fied rice terrace --> visit another for a more authentic UNESCO Experience,Apr 2024 ‚Ä¢ Family,2024,Tegalalang Rice Terrace
Laila H,5,Magnificent,Apr 2024 ‚Ä¢ Family,2024,Tegalalang Rice Terrace
marliselerouxart,2,"Wild animals in cages, seriously????",Apr 2024 ‚Ä¢ Family,2024,Tegalalang Rice Terrace
Harmony T,5,Best massage,May 2025 ‚Ä¢ Friends,2025,Tradisional Spa
Aung Ye K,5,Impressive.,May 2025 ‚Ä¢ Couples,2025,Tradisional Spa
Amy J,5,So relaxing,May 2025 ‚Ä¢ Couples,2025,Tradisional Spa
Ayoub E,5,Great spot for massages,May 2025 ‚Ä¢ Couples,2025,Tradisional Spa
FarAway00478649926,5,Great experience,May 2025 ‚Ä¢ Family,2025,Tradisional Spa
–õ–∏–∑–∞ –õ,5,Massage for two,May 2025 ‚Ä¢ Couples,2025,Tradisional Spa
Juliana Borges,5,Amazing massage,May 2025 ‚Ä¢ Couples,2025,Tradisional Spa
Manuel K,5,Great massage,Unknown date,Unknown,Tradisional Spa
ÎßêÎûëÏù¥,5,Life's best massage.,May 2025 ‚Ä¢ Couples,2025,Tradisional Spa
Travel07157654991,5,Excellent massage.,May 2025 ‚Ä¢ Solo,2025,Tradisional Spa
FATƒ∞H Y,5,Great massage,May 2025 ‚Ä¢ Couples,2025,Tradisional Spa
Paula P,5,Fabulous relaxing experience,May 2025 ‚Ä¢ Couples,2025,Tradisional Spa
Linda,5,Very good experience,May 2025 ‚Ä¢ Couples,2025,Tradisional Spa
Merve K,5,"Great massage, perfect ambiance!",May 2025 ‚Ä¢ Family,2025,Tradisional Spa
Neslihan D,5,Very nice experience,May 2025 ‚Ä¢ Couples,2025,Tradisional Spa
stephanie park,5,Enjoy the best massage in Ubud,May 2025 ‚Ä¢ Couples,2025,Tradisional Spa
Sahas G,5,Farmer Massage + Reflexology,May 2025 ‚Ä¢ Solo,2025,Tradisional Spa
hayoung chae,5,Every time Bali comes.,May 2025 ‚Ä¢ Couples,2025,Tradisional Spa
Martha S,5,The perfect way to end my first day in Ubud,May 2025 ‚Ä¢ Solo,2025,Tradisional Spa
Jason K,5,Environment nature with good service,May 2025 ‚Ä¢ Solo,2025,Tradisional Spa
Lily V,5,Everything was beautiful,May 2025 ‚Ä¢ Solo,2025,Tradisional Spa
Camper34273115140,5,Best massage in Bali!,May 2025 ‚Ä¢ Couples,2025,Tradisional Spa
Florencia Kaia K,5,Amazing! Thank you Gita ‚ù§Ô∏è,May 2025 ‚Ä¢ Solo,2025,Tradisional Spa
Kayla T,5,Outstanding massage trip in Ubud,May 2025 ‚Ä¢ Solo,2025,Tradisional Spa
Marie H,5,100% Balinese relaxation,May 2025 ‚Ä¢ Couples,2025,Tradisional Spa
Dan G,5,"Our couples massage with Lis and Sekar was outstanding. Both therapists were skilled, attentive, and professional.",Unknown date,Unknown,Tradisional Spa
Valentina B,5,Amazing and great !,May 2025 ‚Ä¢ Solo,2025,Tradisional Spa
Meander37264336714,5,Amazing Massage,May 2025 ‚Ä¢ Solo,2025,Tradisional Spa
Tom F,5,Perfect 10/10,May 2025 ‚Ä¢ Couples,2025,Tradisional Spa
Thomas h,5,Bili & Lis are the best,Unknown date,Unknown,Tradisional Spa
valentina v,5,Great massage,May 2025 ‚Ä¢ Family,2025,Tradisional Spa
Venture36241942988,5,Relaxing.,May 2025 ‚Ä¢ Couples,2025,Tradisional Spa
Eren A,5,Heaven of massage,May 2025 ‚Ä¢ Couples,2025,Tradisional Spa
Teng,5,Good massage in here,Unknown date,Unknown,Tradisional Spa
Abel S,5,Budi and Rasih,May 2025 ‚Ä¢ Couples,2025,Tradisional Spa
TOTEMMilano,5,Always Great!!!,Unknown date,Unknown,Tradisional Spa
Ting Y,5,Best massay choice!,May 2025 ‚Ä¢ Couples,2025,Tradisional Spa
Bel√©n D,5,Amazing massage in Ubud,May 2025 ‚Ä¢ Solo,2025,Tradisional Spa
Aaron,5,Couples Foot & leg Massage,May 2025 ‚Ä¢ Couples,2025,Tradisional Spa
junha h,5,The best massage in ubud,May 2025 ‚Ä¢ Couples,2025,Tradisional Spa
Naazim A,5,Amazing Experience,May 2025 ‚Ä¢ Couples,2025,Tradisional Spa
Valencia W,5,Nice spa,May 2025 ‚Ä¢ Solo,2025,Tradisional Spa
Guide08587836392,5,Great spa,May 2025 ‚Ä¢ Couples,2025,Tradisional Spa
Jun-Wei L,5,Best Massage Experience Ever!,Apr 2025 ‚Ä¢ Couples,2025,Tradisional Spa
AFYeng,5,Professional and relaxing massage.,May 2025 ‚Ä¢ Couples,2025,Tradisional Spa
ÏÉÅÌõà Ïù¥,5,ÌÇπÍ∞ìÏ†úÎÑàÎü¥Ïß±Ïß± ÎßàÏÇ¨ÏßÄ,May 2025 ‚Ä¢ Family,2025,Tradisional Spa
Ian,5,Great Spa exp in Bali,May 2025 ‚Ä¢ Couples,2025,Tradisional Spa
ÏùºÍ∑º Ïµú,5,"Fantastic Massage (asih, wiwik)",May 2025 ‚Ä¢ Couples,2025,Tradisional Spa
Raluca,5,Best massage in Ubud,May 2025 ‚Ä¢ Couples,2025,Tradisional Spa
Helena P,5,Amazing massage in ubud,Apr 2025 ‚Ä¢ Couples,2025,Tradisional Spa
Passenger41822786816,5,Great experience!,Apr 2025 ‚Ä¢ Couples,2025,Tradisional Spa
Fearless56785307380,5,Billy Massage Master,Apr 2025 ‚Ä¢ Couples,2025,Tradisional Spa
Emmma L,5,Perfect 90-Minute Bali Massage!,Apr 2025 ‚Ä¢ Family,2025,Tradisional Spa
Antonella M,5,Amazing experience,Apr 2025 ‚Ä¢ Couples,2025,Tradisional Spa
Tour07216445157,5,Horse Chicken,Apr 2025 ‚Ä¢ Couples,2025,Tradisional Spa
Sharon D,5,Very recommend,Unknown date,Unknown,Tradisional Spa
Smaran G,5,Rice Farmer Massage,Apr 2025 ‚Ä¢ Solo,2025,Tradisional Spa
sm19,5,Really good massage,Apr 2025 ‚Ä¢ Couples,2025,Tradisional Spa
–ï–∫–∞—Ç–µ—Ä–∏–Ω–∞ –ß,5,Perfect massage,Apr 2025 ‚Ä¢ Solo,2025,Tradisional Spa
Denys O,5,Best massage in Bali,Unknown date,Unknown,Tradisional Spa
Jean Marie M,5,Blissful Balinese Massage,Apr 2025 ‚Ä¢ Friends,2025,Tradisional Spa
kathy,5,wonderful,Apr 2025 ‚Ä¢ Solo,2025,Tradisional Spa
Excursion42982627770,5,An exceptional moment of relaxation,Apr 2025 ‚Ä¢ Couples,2025,Tradisional Spa
Hilary K,5,Best Spa is Ubud,Apr 2025 ‚Ä¢ Couples,2025,Tradisional Spa
Passenger31352168377,5,Great spot to visit in Ubud,Apr 2025 ‚Ä¢ Couples,2025,Tradisional Spa
pgautam5,5,"Overall good experience, great value",Apr 2025 ‚Ä¢ Couples,2025,Tradisional Spa
Kiki v,5,Treat yourself üåû,Apr 2025 ‚Ä¢ Solo,2025,Tradisional Spa
Kirilly S,5,Rice farmer massage,Apr 2025 ‚Ä¢ Solo,2025,Tradisional Spa
Pui yu Y,4,The massage was very comfortableüëçüèªüëçüèªüëçüèªÔºåComfortable environment,Apr 2025 ‚Ä¢ Friends,2025,Tradisional Spa
JT,5,Fantastic spa,Apr 2025 ‚Ä¢ Couples,2025,Tradisional Spa
Ayuni N,5,Amazing!!,Mar 2025 ‚Ä¢ Friends,2025,Tradisional Spa
RAJ,5,Heavenly massage & body scrub,Unknown date,Unknown,Tradisional Spa
Zack L,5,Great Experience,Apr 2025 ‚Ä¢ Solo,2025,Tradisional Spa
Edward M,5,Amazing!,Apr 2025 ‚Ä¢ Couples,2025,Tradisional Spa
lcsteele91,5,10/10,Apr 2025 ‚Ä¢ Solo,2025,Tradisional Spa
Emily C,5,Comfy massage in Ubud,Apr 2025 ‚Ä¢ Couples,2025,Tradisional Spa
Serena g,5,Pace e serenit√†,Apr 2025 ‚Ä¢ Couples,2025,Tradisional Spa
Sightseer29899744797,5,Fantastic massage by Bili,Apr 2025 ‚Ä¢ Solo,2025,Tradisional Spa
Khor L,5,Ubud traditional spa,Apr 2025 ‚Ä¢ Friends,2025,Tradisional Spa
√áiƒüdem A,5,It was the best honeymoon massage experience. My wife and I opted for the bali message Gita and Sriye thank you forever,Apr 2025 ‚Ä¢ Couples,2025,Tradisional Spa
Cem V,5,Highly recommended,Apr 2025 ‚Ä¢ Couples,2025,Tradisional Spa
Vanessa C,5,The best massage ever!!,Apr 2025 ‚Ä¢ Solo,2025,Tradisional Spa
–Ω–∞—Å—Ç—è –≥,5,magic massage,Apr 2025 ‚Ä¢ Solo,2025,Tradisional Spa
fran_espinozamc,5,Wonderful experience!,Apr 2025 ‚Ä¢ Solo,2025,Tradisional Spa
Marta M,5,Relaxing experience with a great massagist (Diana),Unknown date,Unknown,Tradisional Spa
Connector816171,5,Fantastic experience,Apr 2025 ‚Ä¢ Couples,2025,Tradisional Spa
Sue519,5,Awesome spa in Ubud,Apr 2025 ‚Ä¢ Solo,2025,Tradisional Spa
Michaela P,5,The best massage,Apr 2025 ‚Ä¢ Couples,2025,Tradisional Spa
Maine J,5,"Relax, Refresh, Recharge",Apr 2025 ‚Ä¢ Friends,2025,Tradisional Spa
Weng Qi F,5,Very excellent,Apr 2025 ‚Ä¢ Friends,2025,Tradisional Spa
Raquel S,5,Massage experience,Apr 2025 ‚Ä¢ Solo,2025,Tradisional Spa
Silvia_and_Stefan,5,Excellent spa and massage treatment!,Unknown date,Unknown,Tradisional Spa
Wander61515179020,5,Must do in bali !!,Apr 2025 ‚Ä¢ Couples,2025,Tradisional Spa
Aysun B,5,Toll!,Apr 2025 ‚Ä¢ Couples,2025,Tradisional Spa
Ann V,5,Relaxing massage,Apr 2025 ‚Ä¢ Family,2025,Tradisional Spa
Wanderer11354784032,5,"Cleanness, atmosphere, friendship",Apr 2025 ‚Ä¢ Friends,2025,Tradisional Spa
Voyager18070393956,5,The Best Massage,Apr 2025 ‚Ä¢ Friends,2025,Tradisional Spa
Sofia M,5,"10/10 experience, would highly highly recommend!",Apr 2025 ‚Ä¢ Friends,2025,Tradisional Spa
Keisha F,5,Zen mode achieved,Unknown date,Unknown,Tradisional Spa
Gabi-d1301,5,Brilliant massage and beautiful spa,Apr 2025 ‚Ä¢ Couples,2025,Tradisional Spa
Lauren B,5,Go here!,Unknown date,Unknown,Tradisional Spa
Sergio V,5,Great time,Apr 2025 ‚Ä¢ Couples,2025,Tradisional Spa
Jay,5,Tranquil traditional magic,Unknown date,Unknown,Tradisional Spa
Anais S,5,Massage balinese,Apr 2025 ‚Ä¢ Couples,2025,Tradisional Spa
raphdeumax,5,Best experience in Bali,Unknown date,Unknown,Tradisional Spa
Steph,5,Blissful evening,Unknown date,Unknown,Tradisional Spa
OnAir09070953142,5,Must visit,Apr 2025 ‚Ä¢ Family,2025,Tradisional Spa
Corentin m,5,ubud massage,Unknown date,Unknown,Tradisional Spa
Seaside21521318261,5,AMAZING EXPERINCE,Apr 2025 ‚Ä¢ Friends,2025,Tradisional Spa
Sophia J,5,Amazing,Apr 2025 ‚Ä¢ Friends,2025,Tradisional Spa
Amy B,5,Great evening,May 2025 ‚Ä¢ Family,2025,Uluwatu
Khatya Abreu,4,Uluwatu Kecak and dinner,Unknown date,Unknown,Uluwatu
zary,5,"Uluwatu Travel, the best guide",May 2025 ‚Ä¢ Couples,2025,Uluwatu
Jaclyn K,5,5 stars!!,Unknown date,Unknown,Uluwatu
Robert A,5,Suta is a Great Tour Guide,May 2025 ‚Ä¢ Couples,2025,Uluwatu
Camilla D,5,Excellent,May 2025 ‚Ä¢ Couples,2025,Uluwatu
Jananthan M,5,Tourist,May 2025 ‚Ä¢ Couples,2025,Uluwatu
Paula1958liverpool,4,Still worth the trip,Unknown date,Unknown,Uluwatu
Muiz H,5,Arts meet culture meet scenic view,Unknown date,Unknown,Uluwatu
Peti S,5,Eco Bali Tour for the win.,May 2025 ‚Ä¢ Family,2025,Uluwatu
Colin B,5,Evening Trip In Bali,Apr 2025 ‚Ä¢ Couples,2025,Uluwatu
Julie B,5,Great evening out with Darma the Fun Driver!,Unknown date,Unknown,Uluwatu
VictorHedman91,5,Really Cool Experience,May 2025 ‚Ä¢ Couples,2025,Uluwatu
Haikel D,5,Beautiful and fun experience!,Unknown date,Unknown,Uluwatu
Diego A,5,"Budi, the great guide and friend!",May 2025 ‚Ä¢ Friends,2025,Uluwatu
Cobi K,5,Bali,May 2025 ‚Ä¢ Family,2025,Uluwatu
Krysel,5,Excellent Tour,Apr 2025 ‚Ä¢ Couples,2025,Uluwatu
Tzu-ting H,5,Very nice !!!,May 2025 ‚Ä¢ Friends,2025,Uluwatu
Makayla D,5,Must do!!,May 2025 ‚Ä¢ Couples,2025,Uluwatu
Matthew C,5,Temple tour+ beach dinner,May 2025 ‚Ä¢ Couples,2025,Uluwatu
Tom G,5,Great trip at Uluwatu,May 2025 ‚Ä¢ Friends,2025,Uluwatu
Ruth T,5,Great cultural experience,Unknown date,Unknown,Uluwatu
David R,5,Sunset,Unknown date,Unknown,Uluwatu
Roland Karner,4,Tolle Tanzshow,Unknown date,Unknown,Uluwatu
Caroline C,5,Fun day,Unknown date,Unknown,Uluwatu
yuvikapuru,5,Great experience,May 2025 ‚Ä¢ Solo,2025,Uluwatu
Perla H,5,Dance Uluwatu kecak and dinner,May 2025 ‚Ä¢ Solo,2025,Uluwatu
Khalil B,5,"Budi, the best host and driver!",May 2025 ‚Ä¢ Couples,2025,Uluwatu
Sonia S,5,Our great final evening in Bali,Unknown date,Unknown,Uluwatu
Claire P,5,"Uluwatu Temple, Kecak Dance and Dinner",May 2025 ‚Ä¢ Family,2025,Uluwatu
Kris T,5,Best tour guide ever Iluwatu,Unknown date,Unknown,Uluwatu
Thomas A,5,Insane experience,May 2025 ‚Ä¢ Solo,2025,Uluwatu
Ryan V,5,"Magic, culture and flavours in the heart of Bali",Unknown date,Unknown,Uluwatu
Lauren B,5,Amazing service!!,May 2025 ‚Ä¢ Friends,2025,Uluwatu
Charlotte G,5,Darma the Fun Driver,May 2025 ‚Ä¢ Couples,2025,Uluwatu
Storyteller341274,5,"Uuluwato Temple , Kekak Dance",May 2025 ‚Ä¢ Couples,2025,Uluwatu
Craig W,5,Uluwatu Temple & Fire Dance,May 2025 ‚Ä¢ Couples,2025,Uluwatu
Danny W,5,Worth the trip,Unknown date,Unknown,Uluwatu
Jasmine A,5,Explore the city and eat some great food,May 2025 ‚Ä¢ Family,2025,Uluwatu
217jarmstrong,5,He was such a good driver and host,May 2025 ‚Ä¢ Family,2025,Uluwatu
Paehuka,5,"Gusti was very polite and generous. Great driver, safe and quick. Very good photographer. Knowledgable guide about Bali culture.",Unknown date,Unknown,Uluwatu
Danielle B,3,"Great tour guide, terrible food, Jimbaran Kampoeng Seafood restaurant",Unknown date,Unknown,Uluwatu
Jack V,5,Watch out for the monkeys!,Unknown date,Unknown,Uluwatu
Hannah H,5,Amazing night to experience!,Apr 2025 ‚Ä¢ Couples,2025,Uluwatu
Spencer L,5,Great views and experience!,Apr 2025 ‚Ä¢ Family,2025,Uluwatu
Giuseppe,5,The true nature of Uluwatu,Apr 2025 ‚Ä¢ Couples,2025,Uluwatu
Josh N,5,Thanks Mr. Suta!!,Mar 2025 ‚Ä¢ Couples,2025,Uluwatu
Scenic677440,5,Amazing,Unknown date,Unknown,Uluwatu
Suzanne W,5,Amazing Kecak dance with beautiful sunset views from temple,Unknown date,Unknown,Uluwatu
Eduardo B,1,Stuck in traffic (2.5 hrs) to watch something 40 min then 2 hours to go back to Bali,Unknown date,Unknown,Uluwatu
Lou,5,Amazing! Thank‚Äôs Suta üôèüèª,Unknown date,Unknown,Uluwatu
Harsharan K,5,Dharma fun driver,Apr 2025 ‚Ä¢ Family,2025,Uluwatu
Natalie M,5,Wonderful Sunset Experience,Apr 2025 ‚Ä¢ Family,2025,Uluwatu
Jasmine S,4,Interesting cultural experience,Mar 2025 ‚Ä¢ Friends,2025,Uluwatu
Matt D,5,Sunset experience,Unknown date,Unknown,Uluwatu
Raegan V,5,"Excellent guide, can't miss Kecak dance and temple",Apr 2025 ‚Ä¢ Couples,2025,Uluwatu
Kristen F,5,Sunset temple visit,Unknown date,Unknown,Uluwatu
Lynn R,5,Great Tour,Apr 2025 ‚Ä¢ Friends,2025,Uluwatu
judulucu,5,Beautiful view and amazing performance make a wonderful evening,Apr 2025 ‚Ä¢ Friends,2025,Uluwatu
Tour519077,5,Fantastic Uluwatu temple tour/show and seafood dinner,Apr 2025 ‚Ä¢ Family,2025,Uluwatu
MCFox2013,5,A pleasant evening at Uluwatu,Unknown date,Unknown,Uluwatu
Rebecca T,5,Fantastic 5‚≠êÔ∏è,Apr 2025 ‚Ä¢ Family,2025,Uluwatu
Destany B,5,Darma Fun Driver,Apr 2025 ‚Ä¢ Family,2025,Uluwatu
raghu Nath,5,Wuluwatu kecak and fire dance trip,Unknown date,Unknown,Uluwatu
Marcin K,5,Thank you Wayan,Apr 2025 ‚Ä¢ Couples,2025,Uluwatu
Noah A,5,Great Driver and Friendly Person,Unknown date,Unknown,Uluwatu
Alysa G,5,Great performance and not too long (40ish minutes),Apr 2025 ‚Ä¢ Couples,2025,Uluwatu
Candice S,5,Fantastic,Mar 2025 ‚Ä¢ Couples,2025,Uluwatu
Global26549074899,5,"Uluwatu  Sunset, Kecak Dance and Donner Jimbaran Beach",Apr 2025 ‚Ä¢ Family,2025,Uluwatu
Lorraine V,5,"Awesome guide for Kecak show, monkies and seafood dinner",Unknown date,Unknown,Uluwatu
EJ L,5,GREAT TOUR ESPECIALLY WITH AJ!,Unknown date,Unknown,Uluwatu
Danai S,5,Great way to spent a day in Uluwatu,Apr 2025 ‚Ä¢ Friends,2025,Uluwatu
Helmut A,5,Memorable Uluwatu Experience,Apr 2025 ‚Ä¢ Family,2025,Uluwatu
Rachel W,5,Darma Fun Driver,Apr 2025 ‚Ä¢ Family,2025,Uluwatu
Solo mum traveller,5,"Fun, entertaining overall experience",Apr 2025 ‚Ä¢ Family,2025,Uluwatu
Maps62271778896,5,Bucket list,Apr 2025 ‚Ä¢ Family,2025,Uluwatu
Oksana S,5,Uluwatu,Apr 2025 ‚Ä¢ Solo,2025,Uluwatu
Vicky C,5,Very nice sunset view and beautiful afternoon,Apr 2025 ‚Ä¢ Friends,2025,Uluwatu
Ritambhara R,5,Uluwatu Trip,Apr 2025 ‚Ä¢ Friends,2025,Uluwatu
neha,5,Excellent Uluwatu trip with Suta,Apr 2025 ‚Ä¢ Family,2025,Uluwatu
Christine M,5,Helpful and accommodating,Apr 2025 ‚Ä¢ Solo,2025,Uluwatu
Morgan E,5,Fantastic afternoon and evening,Apr 2025 ‚Ä¢ Family,2025,Uluwatu
elodie d,5,Sunset,Apr 2025 ‚Ä¢ Family,2025,Uluwatu
claire m,5,A great afternoon!,Unknown date,Unknown,Uluwatu
Sunshine794954,5,"Uluwatu Sunset, Kecak Dance, and Dinner Jimbaran Beach",Apr 2025 ‚Ä¢ Couples,2025,Uluwatu
Marcus L,5,Our slice of paradise,Unknown date,Unknown,Uluwatu
Efua R,5,Great Experience,Unknown date,Unknown,Uluwatu
Tegan C,5,Worth the visit,Apr 2025 ‚Ä¢ Solo,2025,Uluwatu
Virginia L,5,Love your tour,Apr 2025 ‚Ä¢ Friends,2025,Uluwatu
Shriver101,5,Fantastic trip!,Unknown date,Unknown,Uluwatu
lidia m,5,"My guide, sir. Budi is the best of Bali",Unknown date,Unknown,Uluwatu
Lydia Z,4,"Great sites, great guide.... so-so dinner.",Apr 2025 ‚Ä¢ Couples,2025,Uluwatu
Stefie f,1,"Not to take this tour ,  not worth its",Unknown date,Unknown,Uluwatu
Christine W,5,Great Bali Tour Experience,Unknown date,Unknown,Uluwatu
naoko,5,Silawayan was the best guide!,Unknown date,Unknown,Uluwatu
Eve,5,Great experience with Naya,Apr 2025 ‚Ä¢ Family,2025,Uluwatu
mustafa s,5,"Wonderful ,mystical ,fascinating",Unknown date,Unknown,Uluwatu
Dia M,5,Great experience,Apr 2025 ‚Ä¢ Family,2025,Uluwatu
sofie d,5,must-do experience!,Mar 2025 ‚Ä¢ Solo,2025,Uluwatu
Zaira C,5,Amazing Tour with Darma Fun Driver üëç,Unknown date,Unknown,Uluwatu
Brian E,3,Disappointing,Feb 2025 ‚Ä¢ Solo,2025,Warta Batik Class
Cath A,5,Relaxing batik at Nyoman Warra Batik class,Jan 2025 ‚Ä¢ Solo,2025,Warta Batik Class
Dreamer02281099311,5,A wonderful personalized hands-on tutorial of the traditional Batik craft,Dec 2024 ‚Ä¢ Couples,2024,Warta Batik Class
–ú–∞—Ä–∏–∞–º –¢,5,Relax,Nov 2024 ‚Ä¢ Solo,2024,Warta Batik Class
Jina,5,Family trip with children!,Nov 2024 ‚Ä¢ Family,2024,Warta Batik Class
joyschouten,5,Lovely workshop and knowledgeable crafters,Nov 2024 ‚Ä¢ Friends,2024,Warta Batik Class
jessica r,5,Experience fantastic creation Batik,Sep 2024 ‚Ä¢ Couples,2024,Warta Batik Class
Laura O,5,Amazing!,Aug 2024 ‚Ä¢ Couples,2024,Warta Batik Class
Hope F,5,Painting in Ubud,Jul 2024 ‚Ä¢ Friends,2024,Warta Batik Class
M√≥nica S,5,A great teacher!,Aug 2024 ‚Ä¢ Solo,2024,Warta Batik Class
anjana,5,Excellent class!,Aug 2024 ‚Ä¢ Family,2024,Warta Batik Class
Greg H,5,Recommend,Aug 2024 ‚Ä¢ Couples,2024,Warta Batik Class
Audrey D,5,A beautiful discovery!,Aug 2024 ‚Ä¢ Family,2024,Warta Batik Class
Erin K,5,Great experience! Would go again!,Jul 2024 ‚Ä¢ Solo,2024,Warta Batik Class
Melly G,5,10/10 Authentic Amazing Batik experience,May 2024 ‚Ä¢ Friends,2024,Warta Batik Class
Claudia V,5,Best Batik workshop in Ibud,May 2024 ‚Ä¢ Solo,2024,Warta Batik Class
Dream11016623495,5,Wholesome experience,May 2024 ‚Ä¢ Family,2024,Warta Batik Class
Sofia L,5,It was an amazing experience! The people were so helpful and nice throughout the process. Strongly recommend it!!,May 2024 ‚Ä¢ Solo,2024,Warta Batik Class
Devon Maid,5,Lovely Batik class with friendly family,Apr 2024 ‚Ä¢ Business,2024,Warta Batik Class
Coastal36019912461,5,Best day in UBUD,Apr 2024 ‚Ä¢ Family,2024,Warta Batik Class
MoFi,5,Make a piece of art with wonderful help,Apr 2024 ‚Ä¢ Solo,2024,Warta Batik Class
Wanderer62371264307,5,Amazing,Apr 2024 ‚Ä¢ Friends,2024,Warta Batik Class
Nancy C,5,"Convenient location, easy to start teaching",Apr 2024 ‚Ä¢ Solo,2024,Warta Batik Class
Tash G,5,A relaxing and fun art class,Apr 2024 ‚Ä¢ Couples,2024,Warta Batik Class
Rebecca D,5,Switch off from reality and lose yourself in art!,Apr 2024 ‚Ä¢ Friends,2024,Warta Batik Class
Michele P,5,Wonderful batik class right in town!,Mar 2024 ‚Ä¢ Family,2024,Warta Batik Class
Rachel R,5,Authentic Batik experience,Mar 2024 ‚Ä¢ Couples,2024,Warta Batik Class
Shivani S,5,Memorable experience,Mar 2024 ‚Ä¢ Friends,2024,Warta Batik Class
Mila,5,Great experience,Mar 2024 ‚Ä¢ Solo,2024,Warta Batik Class
Laura W,5,A totally unique experience in Ubud,Mar 2024 ‚Ä¢ Solo,2024,Warta Batik Class
Paul K,5,The best batik painting workshop,Oct 2023 ‚Ä¢ Couples,2023,Warta Batik Class
Naomi P,5,Wonderful Batik class in Ubud!,Sep 2023 ‚Ä¢ Solo,2023,Warta Batik Class
Quentin N,5,Fantastic !!,Sep 2023 ‚Ä¢ Couples,2023,Warta Batik Class
karina,5,Worth a visit,Sep 2023 ‚Ä¢ Couples,2023,Warta Batik Class
Sofi d,5,Amazing batik class,Sep 2023 ‚Ä¢ Solo,2023,Warta Batik Class
Katie W,5,Unique and Traditional Day Out,Sep 2023 ‚Ä¢ Couples,2023,Warta Batik Class
Pioneer484543,5,Fantastic,Aug 2023 ‚Ä¢ Family,2023,Warta Batik Class
Claire D,5,Great!,Aug 2023 ‚Ä¢ Solo,2023,Warta Batik Class
Beca E,5,Amazing authentic batik class,Aug 2023 ‚Ä¢ Couples,2023,Warta Batik Class
Gianmarco,5,Amazing experience,Aug 2023 ‚Ä¢ Couples,2023,Warta Batik Class
Ju Ju,5,"Great class, great instruction",Jul 2023 ‚Ä¢ Family,2023,Warta Batik Class
Katie F,5,Amazing art class,Jul 2023 ‚Ä¢ Solo,2023,Warta Batik Class
Amanda,5,One of a kind in Bali ‚ô•Ô∏è‚ô•Ô∏è‚ô•Ô∏è‚ô•Ô∏è,Jun 2023 ‚Ä¢ Solo,2023,Warta Batik Class
Lilly H,5,Wonderful Experience with a Family Owned Batik Class,Jun 2023 ‚Ä¢ Solo,2023,Warta Batik Class
Monica D,5,Learn from a family of artists,Jun 2023 ‚Ä¢ Couples,2023,Warta Batik Class
Yixin S,5,Must do in Ubud!,Jun 2023 ‚Ä¢ Family,2023,Warta Batik Class
Happiness61981021795,5,THE BEST BATIK LESSON IN BALI,May 2023,2023,Warta Batik Class
Jays T,5,A great experience and lesson,May 2023 ‚Ä¢ Family,2023,Warta Batik Class
Cassandra,5,Batik Art Class,May 2023 ‚Ä¢ Solo,2023,Warta Batik Class
Allison C,5,Best Balinese Art Class!!,May 2023 ‚Ä¢ Friends,2023,Warta Batik Class
Kari,5,Authentic experience in the heart of Ubud,Apr 2023 ‚Ä¢ Friends,2023,Warta Batik Class
Michelle T,5,Fun and relaxing activity in the middle of Ubud!,Apr 2023 ‚Ä¢ Family,2023,Warta Batik Class
MarisiaMuir,5,Mindfulness painting for the whole family,Apr 2023 ‚Ä¢ Family,2023,Warta Batik Class
Qasim S,5,Wonderful introductory experience to traditional Batik methods,Apr 2023 ‚Ä¢ Friends,2023,Warta Batik Class
Lisa B,5,Good!,Mar 2023 ‚Ä¢ Friends,2023,Warta Batik Class
Amy K,5,Would absolutely recommend!,Apr 2023 ‚Ä¢ Friends,2023,Warta Batik Class
Jennifer C,5,Relaxing afternoon learning Batik,Mar 2023 ‚Ä¢ Family,2023,Warta Batik Class
Michelle R,5,Great batik painting class in Ubud City Centre,Mar 2023 ‚Ä¢ Solo,2023,Warta Batik Class
Lisa Y,5,Amazing batik class - hidden gem!,Mar 2023,2023,Warta Batik Class
Rosemary D,5,Perfect Batik Class,Mar 2023 ‚Ä¢ Friends,2023,Warta Batik Class
spoolmak54,5,Wonderful batik learning,Dec 2022 ‚Ä¢ Friends,2022,Warta Batik Class
Stefanie,5,"Fun, genuine experience!",Nov 2022,2022,Warta Batik Class
Wenjin H,5,"Come for batik, stay for friendship",Nov 2022 ‚Ä¢ Couples,2022,Warta Batik Class
Aurore B,5,Meditate while learning batik,Nov 2022,2022,Warta Batik Class
krawner,5,Make your own batik!,Oct 2022 ‚Ä¢ Friends,2022,Warta Batik Class
Passagne T,5,Amazing !,Oct 2022 ‚Ä¢ Solo,2022,Warta Batik Class
296Kat,5,Unique experience,Oct 2022 ‚Ä¢ Solo,2022,Warta Batik Class
Joan G,5,Amazing experience learning and making a beautiful batik,Oct 2022 ‚Ä¢ Solo,2022,Warta Batik Class
jokikay,5,Batik class with Nyoman,Oct 2022 ‚Ä¢ Family,2022,Warta Batik Class
Marcy,5,Such a fun balinese experience,Sep 2022 ‚Ä¢ Friends,2022,Warta Batik Class
Elsa A,5,Wonderful learning experience,Aug 2022 ‚Ä¢ Friends,2022,Warta Batik Class
Nic,5,Loved it!! üôèüå∏üëç,Aug 2022 ‚Ä¢ Family,2022,Warta Batik Class
Chloe P,5,Amazing!,Aug 2022 ‚Ä¢ Solo,2022,Warta Batik Class
Charmaine H,5,Great way to spend a morning!,Jul 2022 ‚Ä¢ Solo,2022,Warta Batik Class
Denis W,5,Very good,Jul 2022 ‚Ä¢ Couples,2022,Warta Batik Class
Mariam L,5,An amazing experience!,Jul 2022 ‚Ä¢ Solo,2022,Warta Batik Class
kev s,5,Beautiful Batik Art,Jul 2022 ‚Ä¢ Couples,2022,Warta Batik Class
BroomeHilda,5,"Fabulous, Relaxing, welcoming",Jul 2022 ‚Ä¢ Friends,2022,Warta Batik Class
Jos H,5,Book a class with these great teachers! (And lovely people üòä),Jul 2022 ‚Ä¢ Solo,2022,Warta Batik Class
Kimberly B,5,A true Balinese experience & escape from Ubud's hustle and bustle,Jul 2022 ‚Ä¢ Friends,2022,Warta Batik Class
michefoley,5,Wonderful morning spent making batik,Jul 2022 ‚Ä¢ Friends,2022,Warta Batik Class
duece8,5,WONDERFUL CLASS,Jul 2022,2022,Warta Batik Class
Keira Mason,5,Great- in heart of Ubud- minutes from Palace,Jul 2022,2022,Warta Batik Class
Milena,5,Thanks,Jun 2022 ‚Ä¢ Family,2022,Warta Batik Class
Veena M,5,Batik Making in Ubud,Jun 2022 ‚Ä¢ Solo,2022,Warta Batik Class
Janet T,5,The best batik making class in Bali,Jun 2022 ‚Ä¢ Couples,2022,Warta Batik Class
Ava,5,Incredible experience with amazing teachers :),Jun 2022 ‚Ä¢ Couples,2022,Warta Batik Class
Trek429618,5,Great family friendly batik class,Jun 2022 ‚Ä¢ Family,2022,Warta Batik Class
Amelia K,5,Authentic Batik-Making with a Local Family,Jun 2022 ‚Ä¢ Solo,2022,Warta Batik Class
Dorthea J,5,The best thing to do in Ubud!,Jun 2022 ‚Ä¢ Friends,2022,Warta Batik Class
Natnael F,5,Unique experience,Jun 2022 ‚Ä¢ Couples,2022,Warta Batik Class
Lee2959095,5,Class worth doing in Ubud,May 2022 ‚Ä¢ Solo,2022,Warta Batik Class
pavi,5,Best batik class @bali,May 2022 ‚Ä¢ Couples,2022,Warta Batik Class
Daniel_RuMe,5,Batik Painting Class in the Heart of Ubud,May 2022 ‚Ä¢ Couples,2022,Warta Batik Class
Delphine C,5,Must do in Bali,May 2022 ‚Ä¢ Couples,2022,Warta Batik Class
Carolita S,5,Excellent,May 2022 ‚Ä¢ Friends,2022,Warta Batik Class
Jack Jang,5,Excellent,May 2022 ‚Ä¢ Couples,2022,Warta Batik Class
Louis O,5,Definitely an excellent batik class,May 2022 ‚Ä¢ Solo,2022,Warta Batik Class
Lina T,5,Amazing experience,Apr 2022 ‚Ä¢ Couples,2022,Warta Batik Class
Noah E,5,Great experience,Jan 2022,2022,Warta Batik Class
Lisaho,5,Memorable Batik Class,Oct 2021 ‚Ä¢ Family,2021,Warta Batik Class
Lee,5,AWESOME!!!,Jun 2021 ‚Ä¢ Family,2021,Warta Batik Class
Yuan,5,Recommended for those looking for a fun art workshop in Indonesia!,May 2021,2021,Warta Batik Class
Alex H,5,Best Batik!,Mar 2021 ‚Ä¢ Solo,2021,Warta Batik Class
Julien A,5,Great time!,Jan 2021 ‚Ä¢ Friends,2021,Warta Batik Class
erika p,5,Beautiful Batik!,Jul 2019,2019,Warta Batik Class
Doris M,5,Good teacher,Mar 2020 ‚Ä¢ Friends,2020,Warta Batik Class
Nicole D,5,Amazing!!,Mar 2020 ‚Ä¢ Solo,2020,Warta Batik Class
Jean,5,Excellent highly recommend this Batik class,Mar 2020 ‚Ä¢ Solo,2020,Warta Batik Class
Mirjam T.,4,Interesting batik class at private home,Mar 2020 ‚Ä¢ Solo,2020,Warta Batik Class
Benjamin R,5,Fun and relaxing,Feb 2020 ‚Ä¢ Couples,2020,Warta Batik Class
Fleur E,5,Great batik class,Jan 2020 ‚Ä¢ Solo,2020,Warta Batik Class
Paloma S,5,Batik class,Jan 2020 ‚Ä¢ Solo,2020,Warta Batik Class
Amy P,5,Authentic experience.,Jan 2020 ‚Ä¢ Friends,2020,Warta Batik Class
Ibu S,5,Amazing,Jan 2020 ‚Ä¢ Family,2020,Warta Batik Class
Stephanie A,5,Amazing!,Jan 2020 ‚Ä¢ Family,2020,Warta Batik Class
Renee P,5,So creative. So much fun!,Jan 2020 ‚Ä¢ Friends,2020,Warta Batik Class
msga12,5,Great activity,Jan 2020 ‚Ä¢ Family,2020,Warta Batik Class
Andrew D,5,Amazing Batik Class,Jan 2020 ‚Ä¢ Friends,2020,Warta Batik Class
Traveler2026,5,The art and craft of Batik,Jan 2020 ‚Ä¢ Solo,2020,Warta Batik Class
Ana L,5,Great batik class,Dec 2019 ‚Ä¢ Solo,2019,Warta Batik Class
Annu B,5,Batik workshop for kids,Jan 2020 ‚Ä¢ Family,2020,Warta Batik Class
Laura D,5,Amazing experience,Nov 2019,2019,Warta Batik Class
Lavern V,5,Relaxing Creative Batik Experience,Dec 2019 ‚Ä¢ Solo,2019,Warta Batik Class
wandergaya,5,Great time,Dec 2019 ‚Ä¢ Solo,2019,Warta Batik Class
Nhathy,5,batik class,Dec 2019,2019,Warta Batik Class
Miguel U,5,Beautiful!,Dec 2019 ‚Ä¢ Friends,2019,Warta Batik Class
Ji Eun H,5,Batik class,Dec 2019 ‚Ä¢ Solo,2019,Warta Batik Class
D. Belair,5,Great batik class!,Dec 2019,2019,Warta Batik Class
Anna B,5,Amazing Batik Class,Dec 2019 ‚Ä¢ Friends,2019,Warta Batik Class
sammygt09,2,Waterbom Bali experience,May 2025,2025,Waterboom
Liz T,5,Amazing day out at waterbom.,May 2025 ‚Ä¢ Family,2025,Waterboom
mailvijay67,4,Wonderful experience a waterbom bali park,May 2025 ‚Ä¢ Family,2025,Waterboom
Dalila351,3,Few rides. Expansive.,May 2025 ‚Ä¢ Family,2025,Waterboom
Paul R,2,One day of fun for four days of Bali belly..,May 2025 ‚Ä¢ Family,2025,Waterboom
melsue81,5,Amazing Experience,May 2025 ‚Ä¢ Family,2025,Waterboom
Julie T,5,A great day out!,May 2025 ‚Ä¢ Family,2025,Waterboom
tiphainemalherbe,5,Great family day!,May 2025 ‚Ä¢ Family,2025,Waterboom
Nathan R,5,Good spot,May 2025 ‚Ä¢ Family,2025,Waterboom
graemeandjill12,5,Excellent,May 2025 ‚Ä¢ Family,2025,Waterboom
lkewl,5,Waterbom is a great value fun day for all,May 2025 ‚Ä¢ Family,2025,Waterboom
Tracey B,5,Waterbom - family if 5,May 2025 ‚Ä¢ Family,2025,Waterboom
Benno05,5,Not Siam park but still excellent!,Unknown date,Unknown,Waterboom
erlina,5,Cool place to hang out with family,Jan 2025 ‚Ä¢ Family,2025,Waterboom
gdale7,5,Great family fun,Apr 2025 ‚Ä¢ Family,2025,Waterboom
dave h,5,Waterbom kuta,Apr 2025 ‚Ä¢ Family,2025,Waterboom
Jan L,5,This is where you must have been with your teenagers.,Apr 2025 ‚Ä¢ Family,2025,Waterboom
Tania C,5,Every Trip to Bali must include a visit to Waterbom,Apr 2025 ‚Ä¢ Family,2025,Waterboom
GrandTour00066005062,5,Amazing place,Apr 2025 ‚Ä¢ Family,2025,Waterboom
KLFtraveller,5,Cabana in oasis gardens worth it!,Apr 2025 ‚Ä¢ Family,2025,Waterboom
Laarenco,5,Fam.,Apr 2025 ‚Ä¢ Family,2025,Waterboom
pjmaxwell05,5,Loved every moment ‚ù§Ô∏è,Apr 2025,2025,Waterboom
L√°szl√≥ S,5,Cool splash in a nice park,Unknown date,Unknown,Waterboom
aaronjhall,5,A day of excitement,May 2025,2025,Waterboom
Dinoorin,5,Excellent day,May 2025 ‚Ä¢ Couples,2025,Waterboom
zulfikarmotiwala,5,Excellent!!,Apr 2025 ‚Ä¢ Family,2025,Waterboom
Michael J,5,Excellent attraction to visit,Apr 2025 ‚Ä¢ Family,2025,Waterboom
kevanslocke,5,Great time at Waterbom,Apr 2025 ‚Ä¢ Family,2025,Waterboom
AC123456789876t4321,5,Has an absolute cracker of a day,Apr 2025,2025,Waterboom
Beth R,5,Great day out,Apr 2025 ‚Ä¢ Family,2025,Waterboom
Jules C,4,Another great visit,Apr 2025 ‚Ä¢ Family,2025,Waterboom
jmcinnis221,5,Great place!,Apr 2025 ‚Ä¢ Family,2025,Waterboom
lilja2025,5,Highly recommend!,Apr 2025 ‚Ä¢ Family,2025,Waterboom
nancy_g2619,5,Excellent place to visit,Apr 2025 ‚Ä¢ Family,2025,Waterboom
loganwooster49,5,Best water park,Apr 2025 ‚Ä¢ Family,2025,Waterboom
Victoria784744,5,Waterbom Bali,Apr 2025,2025,Waterboom
slheelas,4,April 2025,Apr 2025 ‚Ä¢ Family,2025,Waterboom
joedirt11,5,Amazing friendly staff.,Apr 2025 ‚Ä¢ Family,2025,Waterboom
lisajanemacd,2,No Gazebo's Available,Apr 2025 ‚Ä¢ Family,2025,Waterboom
gongagoodes,5,Family day out,Apr 2025 ‚Ä¢ Family,2025,Waterboom
Prashant V,5,Amazing fun for full family!,Apr 2025 ‚Ä¢ Family,2025,Waterboom
Robyn B,5,Fantastic Waterbom Park Experience,Apr 2025 ‚Ä¢ Family,2025,Waterboom
Tanya G,5,Great way to spend the day!,Apr 2025,2025,Waterboom
Rhi84,5,Great day out with kids ‚Ä¶ big and little !,Mar 2025 ‚Ä¢ Family,2025,Waterboom
Robert B,5,Waterbom is the Best!,Apr 2025 ‚Ä¢ Family,2025,Waterboom
topanenergy,1,Bad experience on finding chair,Unknown date,Unknown,Waterboom
Lindsay H,5,Awesome day,Apr 2025 ‚Ä¢ Family,2025,Waterboom
annacostanzo4,5,Family Fun,Apr 2025 ‚Ä¢ Family,2025,Waterboom
darrenpollard,2,Over crowded,Apr 2025 ‚Ä¢ Family,2025,Waterboom
nathancsmith74,5,Awesome,Apr 2025 ‚Ä¢ Family,2025,Waterboom
raditia83,4,Gelato staff was rude,Apr 2025 ‚Ä¢ Family,2025,Waterboom
missozkelly,5,Absolute must visit for families,Apr 2025 ‚Ä¢ Family,2025,Waterboom
Rachel H,5,Definitely recommend highly!,Apr 2025,2025,Waterboom
David,5,A Great Day Out.,Apr 2025,2025,Waterboom
Rap,5,Fantastic day out,Unknown date,Unknown,Waterboom
RooDog35,5,Waterbom review,Apr 2025 ‚Ä¢ Family,2025,Waterboom
Robert,5,"Could not fault it, haven in quite a hectic area. Beautiful water park set in lovely jungle setting, rides are brilliant",Unknown date,Unknown,Waterboom
yazzie1989,5,Wonderful experience,Apr 2025,2025,Waterboom
leeking2018,5,Bali Waterbom March 2025,Mar 2025 ‚Ä¢ Family,2025,Waterboom
Roving30849350672,5,A beautiful and professional water park,Mar 2025 ‚Ä¢ Family,2025,Waterboom
Experience223727,5,Lots of Fun,Mar 2025 ‚Ä¢ Family,2025,Waterboom
Colgan99A,5,A fantastic day out for all ages,Mar 2025,2025,Waterboom
shandelledayman,1,Severely unwell after our visit,Mar 2025 ‚Ä¢ Family,2025,Waterboom
390jackie,5,Amazing,Mar 2025 ‚Ä¢ Family,2025,Waterboom
Kadek erawan,5,The best experience ever,Unknown date,Unknown,Waterboom
HonestReviews2009,5,Honest Review - The good and bad - AMAZING Waterpark,Mar 2025 ‚Ä¢ Couples,2025,Waterboom
mezzemma,5,Must visit!,Mar 2025 ‚Ä¢ Family,2025,Waterboom
Robin  D,5,Perfect,Feb 2025 ‚Ä¢ Couples,2025,Waterboom
leandareeve,5,"Great day out, for all !",Mar 2025,2025,Waterboom
Brett G,5,Waterbomb still rocks!!!!,Mar 2025 ‚Ä¢ Family,2025,Waterboom
ALOICE Steff41,4,Amazing,Mar 2025 ‚Ä¢ Couples,2025,Waterboom
kieranwhalley,5,Great day for the kids,Feb 2025 ‚Ä¢ Family,2025,Waterboom
547sandy2025,5,Excellent day out,Mar 2025 ‚Ä¢ Family,2025,Waterboom
Caitlyn R,5,fun waterpark!,Unknown date,Unknown,Waterboom
gcbennett8,4,Nice day out!,Mar 2025 ‚Ä¢ Family,2025,Waterboom
Lorna M,5,Must visit for families.,Feb 2025 ‚Ä¢ Friends,2025,Waterboom
mailO6237OA,5,Must do on Bali,Feb 2025 ‚Ä¢ Family,2025,Waterboom
BHTraveller75,5,AMAZING ü§©,Feb 2025 ‚Ä¢ Family,2025,Waterboom
juanitakurrle,5,So much fun,Feb 2025 ‚Ä¢ Family,2025,Waterboom
mattydennis,5,Best day out!,Feb 2025 ‚Ä¢ Family,2025,Waterboom
Kanapon,5,I enjoyed it all day.,Feb 2025 ‚Ä¢ Family,2025,Waterboom
Virginia P,4,Super fun day at waterboom,Feb 2025 ‚Ä¢ Family,2025,Waterboom
bluebait2019,5,Why spend hours in transit when you can spend time by the pool?,Jan 2025,2025,Waterboom
fabvalensi1,5,Amazing!!,Feb 2025,2025,Waterboom
ahmedoun82,5,Boost your power,Jan 2025 ‚Ä¢ Family,2025,Waterboom
2susanna,4,For families with Kids,Jan 2025,2025,Waterboom
Suhail F,5,Great Waterpark,Jan 2025 ‚Ä¢ Family,2025,Waterboom
Simone H,5,Great Fun!,Jan 2025 ‚Ä¢ Family,2025,Waterboom
Tom,5,Brilliant for families,Jan 2025 ‚Ä¢ Family,2025,Waterboom
Rowin D,5,Great place on Kuta,Jan 2025 ‚Ä¢ Couples,2025,Waterboom
Ayesha A,4,Lovely day spent!,Unknown date,Unknown,Waterboom
halielk,5,Absolutely fantastic!!,Jan 2025 ‚Ä¢ Family,2025,Waterboom
armstrongchiara2,4,Great fun for the whole family- go early or book gazebo,Jan 2025 ‚Ä¢ Family,2025,Waterboom
Peter M,5,So much fun!,Jan 2025 ‚Ä¢ Family,2025,Waterboom
CoffsMum,5,Great family day out,Jan 2025 ‚Ä¢ Family,2025,Waterboom
P6676DOamanda,5,waterbom,Jan 2025 ‚Ä¢ Family,2025,Waterboom
Julian L,5,Fun day for everyone!,Dec 2024 ‚Ä¢ Family,2024,Waterboom
Jennifer S,4,Expensive but worth it.,Jan 2025 ‚Ä¢ Friends,2025,Waterboom
ksbunter67,5,One for the whole family,Jan 2025 ‚Ä¢ Family,2025,Waterboom
Barend M,5,Great fun for the kids,Sep 2024 ‚Ä¢ Family,2024,Waterboom
Erika C,5,Return visitors,Jan 2025 ‚Ä¢ Family,2025,Waterboom
Jayemgee,5,Fun at an affordable price,Jan 2025 ‚Ä¢ Family,2025,Waterboom
travel Guru,5,Waterbom excellent overall,Jan 2025 ‚Ä¢ Family,2025,Waterboom
rockonbec,5,Great day out,Jan 2025 ‚Ä¢ Family,2025,Waterboom
davidgraham69,5,Great Day,Jan 2025 ‚Ä¢ Family,2025,Waterboom
jessicahewillis,5,Amazing waterpark,Jan 2025 ‚Ä¢ Family,2025,Waterboom
Tina H,5,Nice and fun adventure!,Jan 2025 ‚Ä¢ Family,2025,Waterboom
Megan T,5,A great day out,Jan 2025 ‚Ä¢ Solo,2025,Waterboom
Adrian J,5,Awesome day at Waterbom,Jan 2025 ‚Ä¢ Family,2025,Waterboom
H5586KGjackie,5,"Fun day out, don't miss it",Jan 2025 ‚Ä¢ Family,2025,Waterboom
ypramatatyaa,4,great,Dec 2024,2024,Waterboom
GNH2025,5,Excellent,Jan 2025 ‚Ä¢ Family,2025,Waterboom
Joeymarino,5,Bali 25,Jan 2025 ‚Ä¢ Family,2025,Waterboom
Susannah G,5,Very fun waterpark,Jan 2025 ‚Ä¢ Couples,2025,Waterboom
Darren G,5,Excellent value and fun day,Jan 2025,2025,Waterboom
nicky j,5,Excellent Day,Jan 2025 ‚Ä¢ Family,2025,Waterboom
felinasofian,5,Wonderful time at Waterbom Bali,Dec 2024 ‚Ä¢ Family,2024,Waterboom
Alovestravel,5,I had so much fun at the park!,Jan 2025 ‚Ä¢ Family,2025,Waterboom
Kathryn b,5,Great day at Warebom,Jan 2025 ‚Ä¢ Family,2025,Waterboom
adelelaubscher,5,Good times and good memories,Dec 2024 ‚Ä¢ Family,2024,Waterboom
